Accident_ID,Date,Time,Time_Period,Location,Latitude,Longitude,Weather,Road_Condition,Road_Type,Light_Condition,Severity,Vehicles_Involved,Casualties
A00001,2023-01-01,06:10,Morning,Junction Road,19.218621,72.772455,Rainy,Wet,Expressway,Daylight,Fatal,2,2
A00002,2023-01-01,19:30,Evening,Industrial Area,19.240612,73.055098,Clear,Wet,Highway,Dusk,Severe,2,3
A00003,2023-01-02,14:50,Afternoon,College Road,19.149269,72.929786,Foggy,Wet,Urban Road,Daylight,Minor,4,0
A00004,2023-01-02,10:10,Morning,Main Highway,19.039037,72.955836,Rainy,Dry,Urban Road,Daylight,Moderate,2,1
A00005,2023-01-03,07:30,Morning,Main Highway,19.147635,72.87995,Rainy,Wet,Urban Road,Daylight,Minor,2,2
A00006,2023-01-03,20:50,Evening,Junction Road,19.13378,72.984442,Foggy,Poor,Urban Road,Dusk,Moderate,2,0
A00007,2023-01-04,06:50,Morning,Junction Road,19.14261,72.901124,Clear,Poor,Residential Road,Daylight,Minor,4,1
A00008,2023-01-04,18:10,Evening,Airport Road,19.147704,73.01646,Rainy,Wet,Highway,Dusk,Moderate,2,0
A00009,2023-01-05,22:40,Night,Bridge Road,19.238823,73.037491,Clear,Dry,Expressway,Dark,Moderate,5,2
A00010,2023-01-05,10:40,Morning,Expressway,18.968033,72.985147,Foggy,Dry,Expressway,Daylight,Minor,1,1
A00011,2023-01-06,10:50,Morning,College Road,19.046918,72.921967,Clear,Dry,Urban Road,Daylight,Severe,2,1
A00012,2023-01-07,23:40,Night,Ring Road,19.134401,73.023794,Rainy,Wet,Urban Road,Dark,Minor,2,1
A00013,2023-01-07,20:00,Evening,College Road,19.013331,72.923,Foggy,Wet,Urban Road,Dusk,Minor,3,0
A00014,2023-01-08,03:50,Night,Ring Road,19.291261,72.789028,Clear,Dry,Urban Road,Dark,Minor,4,2
A00015,2023-01-08,07:50,Morning,Bridge Road,19.00526,72.790719,Clear,Dry,Residential Road,Daylight,Minor,1,0
A00016,2023-01-09,23:30,Night,Ring Road,19.087852,73.082004,Rainy,Wet,Urban Road,Dark,Minor,1,0
A00017,2023-01-09,02:40,Night,Station Road,19.250946,72.824747,Cloudy,Dry,Residential Road,Dark,Severe,3,0
A00018,2023-01-10,21:50,Night,College Road,18.932025,73.035574,Clear,Dry,Urban Road,Dark,Minor,2,2
A00019,2023-01-10,20:00,Evening,Junction Road,19.228275,72.836347,Clear,Dry,Urban Road,Dusk,Moderate,2,1
A00020,2023-01-11,01:30,Night,Market Road,19.128403,72.900773,Clear,Dry,Highway,Dark,Minor,1,1
A00021,2023-01-11,23:10,Night,Expressway,18.912721,72.979232,Rainy,Wet,Highway,Dark,Moderate,1,0
A00022,2023-01-12,11:50,Morning,Market Road,19.261165,72.805604,Cloudy,Wet,Highway,Daylight,Severe,2,0
A00023,2023-01-13,05:00,Morning,Expressway,18.915679,73.008036,Clear,Dry,Urban Road,Dark,Moderate,1,0
A00024,2023-01-13,01:20,Night,Residential Area,19.106087,72.99147,Clear,Dry,Intersection,Dark,Moderate,2,1
A00025,2023-01-14,20:00,Evening,College Road,18.919612,72.940079,Clear,Dry,Expressway,Dusk,Severe,4,1
A00026,2023-01-14,00:00,Night,Junction Road,18.92848,72.948061,Clear,Wet,Urban Road,Dark,Severe,2,1
A00027,2023-01-15,11:30,Morning,Bridge Road,19.254882,72.78702,Clear,Wet,Highway,Daylight,Moderate,3,1
A00028,2023-01-15,21:10,Night,College Road,19.20633,72.902582,Clear,Wet,Highway,Dark,Minor,1,0
A00029,2023-01-16,11:20,Morning,Main Highway,18.978776,72.7803,Clear,Dry,Urban Road,Daylight,Moderate,3,5
A00030,2023-01-16,16:40,Afternoon,Station Road,19.148187,72.857752,Rainy,Wet,Urban Road,Daylight,Moderate,2,0
A00031,2023-01-17,09:40,Morning,Main Highway,19.217872,73.065109,Clear,Dry,Urban Road,Daylight,Moderate,3,0
A00032,2023-01-17,15:00,Afternoon,Expressway,19.255836,72.951087,Cloudy,Dry,Highway,Daylight,Severe,2,2
A00033,2023-01-18,14:30,Afternoon,Industrial Area,19.087323,73.009946,Cloudy,Poor,Highway,Daylight,Moderate,4,2
A00034,2023-01-19,14:30,Afternoon,City Center,19.259,72.95086,Cloudy,Dry,Highway,Daylight,Severe,2,1
A00035,2023-01-19,18:40,Evening,Residential Area,19.10314,72.817983,Cloudy,Dry,Highway,Dusk,Minor,2,0
A00036,2023-01-20,11:20,Morning,Airport Road,19.175291,72.958183,Cloudy,Dry,Residential Road,Daylight,Minor,5,6
A00037,2023-01-20,22:10,Night,Industrial Area,19.291612,73.014386,Foggy,Poor,Highway,Dark,Minor,2,1
A00038,2023-01-21,19:20,Evening,Junction Road,18.994381,72.798442,Rainy,Wet,Urban Road,Dusk,Severe,2,2
A00039,2023-01-21,02:50,Night,Industrial Area,18.967409,73.035917,Cloudy,Dry,Residential Road,Dark,Severe,4,2
A00040,2023-01-22,04:50,Night,College Road,19.036808,72.944387,Rainy,Wet,Intersection,Dark,Moderate,2,1
A00041,2023-01-22,18:10,Evening,Expressway,18.96576,72.751496,Cloudy,Dry,Intersection,Dusk,Moderate,1,0
A00042,2023-01-23,06:40,Morning,Industrial Area,19.013665,72.931922,Clear,Dry,Expressway,Daylight,Moderate,5,0
A00043,2023-01-24,20:10,Evening,City Center,19.197194,72.888485,Clear,Wet,Highway,Dusk,Severe,2,4
A00044,2023-01-24,08:30,Morning,Industrial Area,19.09101,72.853756,Clear,Dry,Residential Road,Daylight,Severe,4,1
A00045,2023-01-25,06:50,Morning,College Road,19.050017,73.01994,Foggy,Dry,Expressway,Daylight,Moderate,2,1
A00046,2023-01-25,17:00,Evening,Main Highway,19.04749,73.064825,Rainy,Wet,Highway,Daylight,Moderate,3,0
A00047,2023-01-26,03:00,Night,Industrial Area,18.977812,73.016929,Foggy,Dry,Urban Road,Dark,Minor,2,0
A00048,2023-01-26,13:40,Afternoon,Airport Road,19.078965,73.04637,Cloudy,Wet,Intersection,Daylight,Moderate,5,0
A00049,2023-01-27,17:30,Evening,Station Road,19.149854,73.068073,Cloudy,Dry,Urban Road,Daylight,Moderate,2,1
A00050,2023-01-27,08:20,Morning,Station Road,18.955662,73.06942,Clear,Dry,Highway,Daylight,Minor,1,0
A00051,2023-01-28,20:30,Evening,Ring Road,19.289125,72.790123,Rainy,Slippery,Highway,Dusk,Severe,3,3
A00052,2023-01-28,01:00,Night,Residential Area,19.077312,72.909735,Cloudy,Dry,Urban Road,Dark,Moderate,2,1
A00053,2023-01-29,19:00,Evening,City Center,19.279184,72.7501,Stormy,Wet,Highway,Dusk,Fatal,3,2
A00054,2023-01-30,14:50,Afternoon,Market Road,18.953864,72.927262,Clear,Dry,Residential Road,Daylight,Minor,4,1
A00055,2023-01-30,06:30,Morning,City Center,19.206886,73.073485,Cloudy,Dry,Residential Road,Daylight,Moderate,2,1
A00056,2023-01-31,11:30,Morning,Ring Road,19.147055,72.819686,Cloudy,Dry,Highway,Daylight,Moderate,3,1
A00057,2023-01-31,07:00,Morning,Airport Road,19.228026,72.973925,Cloudy,Dry,Intersection,Daylight,Minor,2,0
A00058,2023-02-01,14:20,Afternoon,Expressway,19.140271,72.975533,Cloudy,Dry,Urban Road,Daylight,Moderate,2,0
A00059,2023-02-01,02:40,Night,Junction Road,19.285135,72.806124,Rainy,Slippery,Highway,Dark,Minor,2,0
A00060,2023-02-02,13:40,Afternoon,Main Highway,19.150773,72.833485,Clear,Dry,Expressway,Daylight,Minor,3,2
A00061,2023-02-02,16:30,Afternoon,Market Road,19.213842,72.911708,Rainy,Slippery,Expressway,Daylight,Minor,1,0
A00062,2023-02-03,03:40,Night,College Road,19.251033,72.815873,Cloudy,Poor,Residential Road,Dark,Minor,3,1
A00063,2023-02-03,17:00,Evening,College Road,19.185833,72.954748,Foggy,Wet,Intersection,Daylight,Moderate,1,0
A00064,2023-02-04,07:00,Morning,Residential Area,19.109695,72.91959,Rainy,Wet,Expressway,Daylight,Minor,3,2
A00065,2023-02-05,03:30,Night,Market Road,19.009127,72.931719,Clear,Dry,Intersection,Dark,Moderate,1,0
A00066,2023-02-05,01:30,Night,College Road,19.241797,72.797064,Clear,Dry,Urban Road,Dark,Moderate,4,2
A00067,2023-02-06,05:50,Morning,Residential Area,19.092231,72.931038,Stormy,Wet,Expressway,Dark,Moderate,2,1
A00068,2023-02-06,21:30,Night,Airport Road,19.148283,72.767317,Cloudy,Dry,Intersection,Dark,Severe,2,1
A00069,2023-02-07,09:20,Morning,Market Road,18.931691,73.058537,Foggy,Dry,Residential Road,Daylight,Moderate,2,1
A00070,2023-02-07,03:40,Night,Airport Road,19.098941,72.870137,Clear,Dry,Highway,Dark,Moderate,3,0
A00071,2023-02-08,21:30,Night,College Road,19.179263,73.049718,Cloudy,Dry,Urban Road,Dark,Minor,2,2
A00072,2023-02-08,17:10,Evening,Station Road,19.133629,72.99558,Rainy,Slippery,Residential Road,Daylight,Severe,3,1
A00073,2023-02-09,11:50,Morning,City Center,19.079422,73.01816,Foggy,Poor,Highway,Daylight,Severe,2,1
A00074,2023-02-09,01:10,Night,City Center,18.989371,72.860091,Clear,Dry,Intersection,Dark,Minor,3,1
A00075,2023-02-10,09:00,Morning,Airport Road,19.023868,72.82971,Rainy,Slippery,Highway,Daylight,Minor,1,0
A00076,2023-02-11,03:40,Night,Station Road,19.18025,72.892359,Cloudy,Dry,Highway,Dark,Minor,2,0
A00077,2023-02-11,13:30,Afternoon,Residential Area,18.989676,72.758479,Clear,Dry,Intersection,Daylight,Moderate,2,1
A00078,2023-02-12,15:10,Afternoon,Main Highway,19.148691,73.071564,Rainy,Wet,Urban Road,Daylight,Minor,1,0
A00079,2023-02-12,14:40,Afternoon,Expressway,19.135895,72.885455,Rainy,Slippery,Highway,Daylight,Moderate,2,1
A00080,2023-02-13,07:00,Morning,Main Highway,19.288167,73.095995,Foggy,Dry,Residential Road,Daylight,Minor,4,1
A00081,2023-02-13,13:20,Afternoon,Bridge Road,18.924313,73.016507,Cloudy,Dry,Residential Road,Daylight,Severe,5,5
A00082,2023-02-14,22:50,Night,Ring Road,18.943249,72.77818,Clear,Dry,Highway,Dark,Minor,3,1
A00083,2023-02-14,07:40,Morning,Industrial Area,19.102433,72.981066,Clear,Wet,Intersection,Daylight,Minor,2,0
A00084,2023-02-15,20:40,Evening,Junction Road,19.110844,72.844794,Clear,Wet,Urban Road,Dusk,Moderate,2,2
A00085,2023-02-16,15:20,Afternoon,Bridge Road,18.915971,72.835302,Clear,Dry,Residential Road,Daylight,Minor,3,0
A00086,2023-02-16,12:40,Afternoon,Main Highway,19.230342,72.839797,Rainy,Slippery,Urban Road,Daylight,Minor,2,0
A00087,2023-02-17,17:00,Evening,Expressway,19.097889,73.070626,Clear,Dry,Residential Road,Daylight,Minor,4,1
A00088,2023-02-17,14:00,Afternoon,Station Road,19.038657,72.924993,Foggy,Dry,Urban Road,Daylight,Moderate,2,0
A00089,2023-02-18,20:20,Evening,City Center,19.027542,72.984315,Stormy,Slippery,Urban Road,Dusk,Severe,5,5
A00090,2023-02-18,23:50,Night,Junction Road,19.244563,72.848332,Cloudy,Dry,Urban Road,Dark,Severe,2,3
A00091,2023-02-19,12:30,Afternoon,City Center,18.978693,72.933034,Foggy,Poor,Expressway,Daylight,Moderate,3,2
A00092,2023-02-19,08:10,Morning,Main Highway,18.964167,72.872535,Rainy,Wet,Highway,Daylight,Minor,1,0
A00093,2023-02-20,14:30,Afternoon,Main Highway,18.985271,72.862399,Cloudy,Dry,Residential Road,Daylight,Moderate,4,0
A00094,2023-02-20,12:40,Afternoon,Ring Road,19.150009,72.836439,Clear,Poor,Expressway,Daylight,Moderate,2,2
A00095,2023-02-21,00:10,Night,Main Highway,19.224372,72.893152,Cloudy,Dry,Highway,Dark,Minor,3,2
A00096,2023-02-22,06:20,Morning,Airport Road,19.032391,72.981011,Cloudy,Poor,Highway,Daylight,Minor,3,0
A00097,2023-02-22,08:20,Morning,Junction Road,18.969385,72.827715,Rainy,Dry,Urban Road,Daylight,Minor,2,1
A00098,2023-02-23,23:50,Night,College Road,18.983678,73.087905,Cloudy,Dry,Residential Road,Dark,Severe,2,2
A00099,2023-02-23,00:10,Night,Industrial Area,19.147674,72.793614,Foggy,Dry,Highway,Dark,Minor,2,0
A00100,2023-02-24,11:00,Morning,Residential Area,18.998414,72.918073,Rainy,Wet,Urban Road,Daylight,Severe,2,0
A00101,2023-02-24,07:10,Morning,Industrial Area,19.250912,72.77976,Clear,Dry,Residential Road,Daylight,Minor,2,1
A00102,2023-02-25,23:40,Night,Industrial Area,18.941557,72.757933,Stormy,Wet,Residential Road,Dark,Minor,2,0
A00103,2023-02-25,10:00,Morning,Bridge Road,18.912947,73.072937,Cloudy,Dry,Urban Road,Daylight,Moderate,2,1
A00104,2023-02-26,18:20,Evening,Main Highway,18.935351,73.033635,Clear,Dry,Urban Road,Dusk,Moderate,3,1
A00105,2023-02-26,16:10,Afternoon,Airport Road,19.238257,72.992954,Cloudy,Dry,Expressway,Daylight,Minor,3,1
A00106,2023-02-27,07:30,Morning,Bridge Road,19.160492,73.052817,Clear,Poor,Intersection,Daylight,Minor,2,1
A00107,2023-02-28,02:50,Night,Bridge Road,19.283098,73.030997,Cloudy,Wet,Intersection,Dark,Minor,4,1
A00108,2023-02-28,02:30,Night,College Road,19.034519,72.976533,Cloudy,Dry,Residential Road,Dark,Minor,4,0
A00109,2023-03-01,00:50,Night,College Road,18.985071,73.04657,Clear,Dry,Urban Road,Dark,Minor,2,1
A00110,2023-03-01,04:40,Night,Station Road,19.12479,72.88678,Stormy,Slippery,Urban Road,Dark,Fatal,2,4
A00111,2023-03-02,09:30,Morning,College Road,19.115131,72.943463,Cloudy,Dry,Highway,Daylight,Moderate,2,1
A00112,2023-03-02,06:10,Morning,Airport Road,19.13641,73.021709,Clear,Dry,Highway,Daylight,Moderate,3,1
A00113,2023-03-03,08:10,Morning,Junction Road,19.039014,72.779679,Cloudy,Poor,Residential Road,Daylight,Minor,3,1
A00114,2023-03-03,06:30,Morning,Station Road,18.902359,73.050526,Foggy,Dry,Urban Road,Daylight,Minor,2,0
A00115,2023-03-04,08:10,Morning,Market Road,18.914013,72.804891,Clear,Dry,Urban Road,Daylight,Minor,3,1
A00116,2023-03-04,07:40,Morning,Ring Road,19.165531,73.052589,Clear,Wet,Intersection,Daylight,Moderate,2,2
A00117,2023-03-05,11:00,Morning,Market Road,19.109303,72.858967,Clear,Poor,Highway,Daylight,Moderate,1,0
A00118,2023-03-06,01:40,Night,Industrial Area,19.228405,72.864374,Clear,Dry,Highway,Dark,Minor,3,2
A00119,2023-03-06,00:50,Night,Bridge Road,19.020164,72.775882,Rainy,Wet,Highway,Dark,Moderate,3,1
A00120,2023-03-07,15:40,Afternoon,Airport Road,19.226189,73.060065,Rainy,Wet,Residential Road,Daylight,Moderate,2,0
A00121,2023-03-07,22:50,Night,Junction Road,19.070197,72.811079,Clear,Dry,Residential Road,Dark,Minor,2,0
A00122,2023-03-08,22:10,Night,Junction Road,18.938679,72.970517,Rainy,Slippery,Urban Road,Dark,Minor,4,1
A00123,2023-03-08,23:00,Night,Station Road,19.291165,72.975389,Clear,Dry,Urban Road,Dark,Moderate,3,3
A00124,2023-03-09,04:10,Night,Market Road,19.104774,72.848403,Stormy,Slippery,Expressway,Dark,Moderate,3,0
A00125,2023-03-09,02:20,Night,Bridge Road,19.151791,73.094981,Stormy,Wet,Expressway,Dark,Minor,1,0
A00126,2023-03-10,11:10,Morning,Airport Road,19.168319,72.772458,Clear,Dry,Intersection,Daylight,Minor,2,1
A00127,2023-03-11,07:50,Morning,Residential Area,19.044965,72.962755,Rainy,Wet,Expressway,Daylight,Moderate,2,1
A00128,2023-03-11,21:10,Night,Residential Area,19.199011,72.91784,Rainy,Slippery,Residential Road,Dark,Minor,2,2
A00129,2023-03-12,02:10,Night,Residential Area,19.248107,72.835919,Clear,Dry,Highway,Dark,Moderate,3,0
A00130,2023-03-12,00:00,Night,Ring Road,19.054875,72.807243,Clear,Dry,Highway,Dark,Moderate,2,0
A00131,2023-03-13,02:10,Night,College Road,19.1628,73.00798,Cloudy,Dry,Highway,Dark,Minor,2,2
A00132,2023-03-13,04:00,Night,Junction Road,19.20285,73.07071,Rainy,Wet,Residential Road,Dark,Minor,2,0
A00133,2023-03-14,14:30,Afternoon,Ring Road,18.97605,72.787641,Stormy,Wet,Expressway,Daylight,Moderate,2,1
A00134,2023-03-14,13:20,Afternoon,Ring Road,19.033038,72.817893,Rainy,Slippery,Urban Road,Daylight,Minor,4,0
A00135,2023-03-15,02:00,Night,Airport Road,18.943518,73.095194,Rainy,Wet,Highway,Dark,Minor,3,0
A00136,2023-03-15,00:50,Night,Airport Road,19.140883,72.755258,Cloudy,Dry,Urban Road,Dark,Moderate,2,0
A00137,2023-03-16,04:30,Night,Industrial Area,19.220375,72.927888,Rainy,Slippery,Intersection,Dark,Minor,3,0
A00138,2023-03-17,22:00,Night,Station Road,19.144335,72.930639,Rainy,Dry,Residential Road,Dark,Moderate,3,0
A00139,2023-03-17,13:00,Afternoon,City Center,18.971914,72.842107,Clear,Dry,Expressway,Daylight,Minor,3,2
A00140,2023-03-18,06:20,Morning,Residential Area,19.118547,72.98206,Cloudy,Dry,Expressway,Daylight,Moderate,2,0
A00141,2023-03-18,08:50,Morning,Main Highway,19.233974,73.080729,Rainy,Slippery,Intersection,Daylight,Minor,2,1
A00142,2023-03-19,14:40,Afternoon,Bridge Road,19.02109,72.907575,Clear,Poor,Expressway,Daylight,Fatal,2,0
A00143,2023-03-19,14:40,Afternoon,City Center,19.233061,73.012297,Rainy,Slippery,Expressway,Daylight,Moderate,3,1
A00144,2023-03-20,09:00,Morning,Main Highway,19.213849,72.976125,Clear,Dry,Highway,Daylight,Minor,3,1
A00145,2023-03-20,12:10,Afternoon,Airport Road,18.908696,72.91553,Cloudy,Dry,Highway,Daylight,Minor,2,3
A00146,2023-03-21,18:50,Evening,City Center,18.995782,72.767434,Rainy,Slippery,Urban Road,Dusk,Minor,2,1
A00147,2023-03-21,06:30,Morning,Junction Road,19.117177,73.009612,Clear,Dry,Highway,Daylight,Moderate,2,1
A00148,2023-03-22,16:10,Afternoon,Industrial Area,19.187047,72.877138,Clear,Dry,Intersection,Daylight,Severe,2,0
A00149,2023-03-23,19:10,Evening,Residential Area,19.252212,72.828573,Clear,Wet,Urban Road,Dusk,Moderate,5,1
A00150,2023-03-23,03:50,Night,College Road,19.156417,73.081894,Foggy,Dry,Intersection,Dark,Minor,2,0
A00151,2023-03-24,04:00,Night,Bridge Road,19.052138,73.020726,Clear,Dry,Urban Road,Dark,Moderate,1,1
A00152,2023-03-24,22:00,Night,Main Highway,18.973851,73.086794,Foggy,Dry,Urban Road,Dark,Minor,5,0
A00153,2023-03-25,06:00,Morning,Junction Road,19.204014,72.839676,Clear,Dry,Intersection,Daylight,Severe,2,2
A00154,2023-03-25,12:00,Afternoon,Expressway,18.982713,73.042528,Stormy,Wet,Urban Road,Daylight,Moderate,3,1
A00155,2023-03-26,14:40,Afternoon,Residential Area,19.178172,72.962702,Stormy,Slippery,Urban Road,Daylight,Minor,1,0
A00156,2023-03-26,10:00,Morning,Industrial Area,18.972485,73.093526,Cloudy,Dry,Highway,Daylight,Minor,2,0
A00157,2023-03-27,03:40,Night,College Road,18.936422,73.081211,Cloudy,Dry,Residential Road,Dark,Severe,2,3
A00158,2023-03-28,12:40,Afternoon,Bridge Road,19.00044,73.090539,Cloudy,Poor,Urban Road,Daylight,Severe,3,3
A00159,2023-03-28,06:00,Morning,College Road,19.013972,73.083119,Cloudy,Dry,Residential Road,Daylight,Minor,1,1
A00160,2023-03-29,18:20,Evening,Station Road,19.158884,72.752681,Clear,Dry,Residential Road,Dusk,Minor,2,1
A00161,2023-03-29,21:30,Night,Industrial Area,18.964353,73.00938,Clear,Poor,Residential Road,Dark,Moderate,3,2
A00162,2023-03-30,01:10,Night,Industrial Area,19.272123,72.845177,Clear,Dry,Expressway,Dark,Minor,2,0
A00163,2023-03-30,09:40,Morning,Bridge Road,19.121745,72.996759,Clear,Dry,Urban Road,Daylight,Minor,2,2
A00164,2023-03-31,12:50,Afternoon,Residential Area,19.096373,73.093214,Clear,Wet,Urban Road,Daylight,Minor,1,2
A00165,2023-03-31,20:50,Evening,Residential Area,19.073878,72.763776,Cloudy,Dry,Expressway,Dusk,Minor,2,1
A00166,2023-04-01,05:30,Morning,Expressway,19.126641,72.948446,Stormy,Slippery,Urban Road,Dark,Moderate,3,0
A00167,2023-04-01,11:50,Morning,Market Road,18.908979,73.007234,Clear,Dry,Urban Road,Daylight,Fatal,3,3
A00168,2023-04-02,11:20,Morning,Residential Area,19.296035,72.838676,Cloudy,Wet,Urban Road,Daylight,Moderate,5,1
A00169,2023-04-03,19:50,Evening,Residential Area,19.12301,72.828793,Clear,Dry,Intersection,Dusk,Minor,3,2
A00170,2023-04-03,10:10,Morning,Station Road,18.914078,72.771121,Rainy,Wet,Urban Road,Daylight,Moderate,2,1
A00171,2023-04-04,22:10,Night,College Road,19.135991,72.782872,Foggy,Dry,Urban Road,Dark,Moderate,4,1
A00172,2023-04-04,06:40,Morning,Station Road,19.074832,72.979862,Foggy,Dry,Residential Road,Daylight,Minor,2,1
A00173,2023-04-05,00:00,Night,Residential Area,18.909615,72.926824,Stormy,Slippery,Residential Road,Dark,Severe,2,1
A00174,2023-04-05,00:20,Night,Junction Road,19.269772,72.760525,Clear,Dry,Highway,Dark,Moderate,2,0
A00175,2023-04-06,19:40,Evening,Expressway,18.904227,73.089382,Rainy,Wet,Urban Road,Dusk,Fatal,2,1
A00176,2023-04-06,12:20,Afternoon,City Center,19.131149,72.979616,Rainy,Wet,Expressway,Daylight,Moderate,3,0
A00177,2023-04-07,08:00,Morning,Station Road,19.284716,72.930414,Clear,Dry,Intersection,Daylight,Moderate,2,1
A00178,2023-04-07,02:50,Night,Ring Road,18.995042,72.845453,Stormy,Slippery,Residential Road,Dark,Minor,2,1
A00179,2023-04-08,06:50,Morning,City Center,19.001672,72.980335,Clear,Wet,Urban Road,Daylight,Moderate,2,1
A00180,2023-04-09,05:00,Morning,Main Highway,18.900169,72.877459,Rainy,Slippery,Highway,Dark,Minor,2,1
A00181,2023-04-09,07:40,Morning,Junction Road,18.92654,72.995873,Clear,Poor,Intersection,Daylight,Severe,2,2
A00182,2023-04-10,08:00,Morning,Airport Road,18.917955,72.9889,Clear,Wet,Expressway,Daylight,Severe,3,1
A00183,2023-04-10,04:30,Night,Market Road,19.229063,72.78246,Rainy,Wet,Highway,Dark,Severe,2,1
A00184,2023-04-11,00:10,Night,Main Highway,19.234695,73.068241,Cloudy,Dry,Highway,Dark,Moderate,3,2
A00185,2023-04-11,18:40,Evening,Airport Road,19.19068,72.920441,Clear,Poor,Residential Road,Dusk,Severe,2,0
A00186,2023-04-12,09:20,Morning,Junction Road,19.041098,72.887531,Clear,Dry,Urban Road,Daylight,Minor,2,0
A00187,2023-04-12,11:30,Morning,Station Road,19.228502,73.084412,Rainy,Slippery,Urban Road,Daylight,Moderate,3,1
A00188,2023-04-13,23:40,Night,Ring Road,19.11591,72.903373,Clear,Dry,Highway,Dark,Moderate,4,0
A00189,2023-04-13,14:00,Afternoon,Airport Road,19.021724,73.002427,Clear,Dry,Urban Road,Daylight,Moderate,2,1
A00190,2023-04-14,21:00,Night,Junction Road,19.074911,72.979298,Foggy,Wet,Urban Road,Dark,Moderate,3,0
A00191,2023-04-15,23:00,Night,Airport Road,18.926307,72.807799,Rainy,Wet,Expressway,Dark,Minor,5,0
A00192,2023-04-15,08:00,Morning,Main Highway,19.277963,73.0969,Clear,Poor,Urban Road,Daylight,Minor,5,2
A00193,2023-04-16,19:20,Evening,Residential Area,19.147647,72.912262,Rainy,Slippery,Urban Road,Dusk,Severe,3,1
A00194,2023-04-16,16:30,Afternoon,Market Road,19.192494,72.888174,Rainy,Wet,Urban Road,Daylight,Moderate,3,1
A00195,2023-04-17,16:50,Afternoon,College Road,19.170633,73.071865,Foggy,Poor,Urban Road,Daylight,Minor,2,0
A00196,2023-04-17,19:10,Evening,Junction Road,19.1671,72.935233,Cloudy,Dry,Highway,Dusk,Severe,4,3
A00197,2023-04-18,11:20,Morning,Ring Road,18.906904,72.996777,Clear,Dry,Urban Road,Daylight,Severe,2,2
A00198,2023-04-18,06:20,Morning,Expressway,19.110149,73.046186,Clear,Dry,Residential Road,Daylight,Minor,5,2
A00199,2023-04-19,01:50,Night,Airport Road,19.228684,72.832423,Clear,Dry,Highway,Dark,Severe,1,0
A00200,2023-04-20,02:50,Night,Residential Area,18.917808,72.809313,Cloudy,Dry,Highway,Dark,Severe,2,4
A00201,2023-04-20,16:10,Afternoon,College Road,19.282466,72.773977,Clear,Dry,Highway,Daylight,Severe,2,0
A00202,2023-04-21,04:10,Night,Expressway,19.069664,73.063997,Cloudy,Dry,Urban Road,Dark,Severe,2,2
A00203,2023-04-21,16:50,Afternoon,Ring Road,19.015958,72.820128,Clear,Dry,Intersection,Daylight,Moderate,2,0
A00204,2023-04-22,23:00,Night,Residential Area,19.112729,72.857714,Clear,Dry,Highway,Dark,Minor,3,3
A00205,2023-04-22,16:20,Afternoon,Residential Area,19.220486,72.850032,Foggy,Dry,Intersection,Daylight,Minor,3,1
A00206,2023-04-23,16:40,Afternoon,Bridge Road,19.089902,72.856606,Cloudy,Dry,Highway,Daylight,Minor,3,1
A00207,2023-04-23,01:10,Night,Industrial Area,19.158042,72.983821,Clear,Dry,Expressway,Dark,Moderate,2,0
A00208,2023-04-24,01:10,Night,Residential Area,19.099966,73.08394,Rainy,Wet,Urban Road,Dark,Minor,3,2
A00209,2023-04-24,21:50,Night,College Road,19.152509,72.865309,Clear,Dry,Residential Road,Dark,Minor,2,0
A00210,2023-04-25,22:30,Night,Market Road,18.955212,72.892677,Rainy,Slippery,Urban Road,Dark,Minor,2,1
A00211,2023-04-26,04:40,Night,Industrial Area,18.915465,73.019901,Rainy,Slippery,Urban Road,Dark,Minor,3,0
A00212,2023-04-26,00:40,Night,Ring Road,18.954761,72.901318,Clear,Dry,Expressway,Dark,Severe,4,2
A00213,2023-04-27,00:10,Night,Junction Road,19.014335,73.074115,Rainy,Wet,Expressway,Dark,Minor,2,0
A00214,2023-04-27,18:00,Evening,City Center,19.001342,72.926126,Cloudy,Dry,Urban Road,Dusk,Moderate,2,0
A00215,2023-04-28,01:30,Night,Station Road,19.14607,72.871707,Cloudy,Dry,Highway,Dark,Moderate,2,0
A00216,2023-04-28,20:40,Evening,Ring Road,19.082356,73.09005,Clear,Dry,Highway,Dusk,Minor,2,0
A00217,2023-04-29,11:10,Morning,Residential Area,18.915525,72.899024,Clear,Dry,Expressway,Daylight,Severe,2,2
A00218,2023-04-29,05:40,Morning,College Road,18.913946,72.830911,Foggy,Wet,Urban Road,Dark,Moderate,5,3
A00219,2023-04-30,22:30,Night,Airport Road,18.936235,72.812195,Clear,Wet,Urban Road,Dark,Minor,3,2
A00220,2023-04-30,03:30,Night,Main Highway,19.041232,73.098313,Cloudy,Dry,Residential Road,Dark,Minor,3,1
A00221,2023-05-01,22:20,Night,Station Road,18.902473,73.013546,Cloudy,Dry,Intersection,Dark,Minor,2,1
A00222,2023-05-02,10:50,Morning,Ring Road,19.097595,72.893031,Cloudy,Wet,Residential Road,Daylight,Minor,3,2
A00223,2023-05-02,23:50,Night,Bridge Road,19.044268,73.039227,Clear,Dry,Expressway,Dark,Minor,2,1
A00224,2023-05-03,16:10,Afternoon,Expressway,19.122177,72.941382,Clear,Dry,Expressway,Daylight,Moderate,2,0
A00225,2023-05-03,05:30,Morning,Main Highway,19.18833,72.861086,Rainy,Wet,Urban Road,Dark,Severe,2,2
A00226,2023-05-04,23:20,Night,Station Road,19.000389,73.010185,Clear,Dry,Urban Road,Dark,Moderate,3,1
A00227,2023-05-04,04:20,Night,Market Road,18.962833,73.011063,Clear,Dry,Expressway,Dark,Minor,4,1
A00228,2023-05-05,19:40,Evening,Junction Road,19.011221,72.925059,Clear,Dry,Urban Road,Dusk,Minor,2,0
A00229,2023-05-05,01:40,Night,Airport Road,18.900705,72.765805,Clear,Dry,Intersection,Dark,Moderate,2,2
A00230,2023-05-06,05:20,Morning,Bridge Road,18.948005,72.776958,Foggy,Dry,Highway,Dark,Minor,2,1
A00231,2023-05-06,21:40,Night,Station Road,19.200332,73.026062,Clear,Dry,Highway,Dark,Minor,3,1
A00232,2023-05-07,10:30,Morning,Residential Area,18.989123,73.038217,Clear,Wet,Intersection,Daylight,Severe,2,3
A00233,2023-05-08,15:00,Afternoon,Station Road,19.29772,72.987401,Clear,Dry,Residential Road,Daylight,Minor,2,0
A00234,2023-05-08,15:30,Afternoon,College Road,18.967133,73.043674,Rainy,Wet,Urban Road,Daylight,Severe,3,0
A00235,2023-05-09,00:20,Night,College Road,19.215509,73.001821,Cloudy,Dry,Expressway,Dark,Minor,2,0
A00236,2023-05-09,08:20,Morning,College Road,19.182018,73.063927,Clear,Dry,Residential Road,Daylight,Fatal,1,1
A00237,2023-05-10,05:30,Morning,Ring Road,19.028853,72.802639,Rainy,Slippery,Urban Road,Dark,Moderate,1,0
A00238,2023-05-10,15:40,Afternoon,Airport Road,19.032296,72.88571,Cloudy,Dry,Highway,Daylight,Moderate,3,1
A00239,2023-05-11,02:40,Night,Airport Road,19.125421,72.912439,Foggy,Wet,Expressway,Dark,Minor,2,1
A00240,2023-05-11,19:50,Evening,Expressway,19.24095,72.854182,Rainy,Wet,Intersection,Dusk,Severe,5,4
A00241,2023-05-12,03:20,Night,Ring Road,19.054475,73.003878,Clear,Dry,Highway,Dark,Severe,3,5
A00242,2023-05-13,18:10,Evening,Airport Road,18.924472,73.069354,Clear,Dry,Intersection,Dusk,Moderate,1,0
A00243,2023-05-13,02:50,Night,College Road,19.049768,72.894369,Clear,Dry,Intersection,Dark,Moderate,2,0
A00244,2023-05-14,18:40,Evening,College Road,18.982925,73.07954,Clear,Dry,Urban Road,Dusk,Moderate,2,1
A00245,2023-05-14,19:30,Evening,City Center,19.275683,72.930869,Stormy,Wet,Residential Road,Dusk,Minor,2,1
A00246,2023-05-15,06:40,Morning,Junction Road,19.17891,72.93288,Clear,Dry,Urban Road,Daylight,Moderate,4,1
A00247,2023-05-15,19:30,Evening,Station Road,18.920333,72.960077,Clear,Wet,Urban Road,Dusk,Severe,3,3
A00248,2023-05-16,08:50,Morning,Junction Road,19.017195,72.843916,Rainy,Wet,Residential Road,Daylight,Minor,2,0
A00249,2023-05-16,00:20,Night,Expressway,18.920086,72.884176,Cloudy,Dry,Intersection,Dark,Minor,2,0
A00250,2023-05-17,07:40,Morning,Airport Road,19.232007,72.943633,Clear,Dry,Residential Road,Daylight,Moderate,1,1
A00251,2023-05-17,06:30,Morning,Industrial Area,19.262519,73.079694,Clear,Dry,Urban Road,Daylight,Moderate,2,0
A00252,2023-05-18,17:20,Evening,Expressway,18.944912,72.974942,Clear,Dry,Highway,Daylight,Minor,3,1
A00253,2023-05-19,07:10,Morning,College Road,19.076116,72.866591,Rainy,Slippery,Highway,Daylight,Minor,2,1
A00254,2023-05-19,00:30,Night,Station Road,19.272753,72.753664,Clear,Dry,Urban Road,Dark,Minor,5,2
A00255,2023-05-20,10:50,Morning,Main Highway,18.958085,73.093583,Clear,Poor,Highway,Daylight,Severe,1,2
A00256,2023-05-20,17:10,Evening,Bridge Road,19.016761,72.922545,Cloudy,Dry,Residential Road,Daylight,Minor,3,0
A00257,2023-05-21,22:10,Night,Industrial Area,19.02171,73.078473,Clear,Dry,Urban Road,Dark,Moderate,4,1
A00258,2023-05-21,09:00,Morning,Industrial Area,18.912023,72.942271,Cloudy,Dry,Expressway,Daylight,Minor,2,0
A00259,2023-05-22,02:40,Night,Bridge Road,18.914509,72.961913,Cloudy,Dry,Urban Road,Dark,Moderate,1,0
A00260,2023-05-22,06:30,Morning,Ring Road,19.281117,72.999169,Clear,Dry,Residential Road,Daylight,Fatal,2,1
A00261,2023-05-23,15:10,Afternoon,Airport Road,19.128437,72.862342,Foggy,Dry,Urban Road,Daylight,Minor,2,1
A00262,2023-05-23,15:00,Afternoon,Industrial Area,19.022659,72.994644,Cloudy,Wet,Highway,Daylight,Minor,5,2
A00263,2023-05-24,19:50,Evening,Main Highway,19.05147,72.934377,Clear,Poor,Highway,Dusk,Severe,4,0
A00264,2023-05-25,16:20,Afternoon,Station Road,19.185937,72.985368,Cloudy,Wet,Urban Road,Daylight,Minor,4,1
A00265,2023-05-25,01:30,Night,Expressway,19.046607,73.042542,Rainy,Wet,Intersection,Dark,Minor,3,0
A00266,2023-05-26,00:10,Night,Ring Road,18.991104,72.81448,Rainy,Wet,Highway,Dark,Severe,2,3
A00267,2023-05-26,15:40,Afternoon,Residential Area,18.940735,72.964743,Clear,Dry,Residential Road,Daylight,Fatal,4,2
A00268,2023-05-27,11:00,Morning,Residential Area,19.191573,72.768239,Stormy,Wet,Intersection,Daylight,Moderate,5,1
A00269,2023-05-27,04:10,Night,Bridge Road,18.972226,72.78574,Clear,Dry,Expressway,Dark,Minor,2,1
A00270,2023-05-28,04:40,Night,Station Road,18.927859,72.986108,Clear,Dry,Highway,Dark,Minor,2,0
A00271,2023-05-28,22:10,Night,Station Road,19.070782,72.774828,Clear,Dry,Intersection,Dark,Minor,2,2
A00272,2023-05-29,08:30,Morning,Residential Area,18.915828,72.958375,Clear,Dry,Highway,Daylight,Moderate,2,1
A00273,2023-05-29,08:30,Morning,Industrial Area,19.285999,72.827004,Rainy,Wet,Urban Road,Daylight,Severe,1,2
A00274,2023-05-30,02:30,Night,Airport Road,19.150917,72.85643,Clear,Dry,Intersection,Dark,Severe,4,4
A00275,2023-05-31,18:50,Evening,Bridge Road,18.961079,72.795373,Clear,Dry,Residential Road,Dusk,Minor,4,1
A00276,2023-05-31,15:50,Afternoon,Residential Area,18.968982,72.837034,Rainy,Wet,Urban Road,Daylight,Moderate,2,0
A00277,2023-06-01,15:00,Afternoon,Station Road,19.127931,73.037452,Clear,Dry,Urban Road,Daylight,Minor,2,0
A00278,2023-06-01,02:30,Night,Ring Road,19.042626,72.973607,Clear,Dry,Urban Road,Dark,Minor,4,1
A00279,2023-06-02,19:40,Evening,Main Highway,19.209707,73.082416,Clear,Dry,Urban Road,Dusk,Severe,3,2
A00280,2023-06-02,23:10,Night,Ring Road,19.118323,72.767061,Clear,Dry,Urban Road,Dark,Minor,2,1
A00281,2023-06-03,21:20,Night,Ring Road,19.073334,73.027344,Clear,Dry,Intersection,Dark,Moderate,3,3
A00282,2023-06-03,23:40,Night,Airport Road,19.285192,72.994677,Cloudy,Dry,Intersection,Dark,Moderate,4,1
A00283,2023-06-04,00:50,Night,Expressway,19.056292,72.841312,Clear,Dry,Intersection,Dark,Fatal,4,0
A00284,2023-06-05,23:50,Night,Bridge Road,19.060244,73.005208,Clear,Dry,Urban Road,Dark,Severe,2,1
A00285,2023-06-05,19:40,Evening,Residential Area,19.166309,73.000792,Rainy,Wet,Residential Road,Dusk,Severe,2,1
A00286,2023-06-06,10:50,Morning,College Road,19.223791,72.910771,Rainy,Wet,Intersection,Daylight,Moderate,4,1
A00287,2023-06-06,16:30,Afternoon,Expressway,19.150486,72.991024,Clear,Dry,Intersection,Daylight,Minor,1,0
A00288,2023-06-07,07:00,Morning,Station Road,19.179444,72.905603,Cloudy,Dry,Urban Road,Daylight,Moderate,3,2
A00289,2023-06-07,03:10,Night,Ring Road,19.049173,72.867441,Clear,Wet,Highway,Dark,Moderate,2,2
A00290,2023-06-08,05:00,Morning,Ring Road,19.091799,72.913272,Cloudy,Dry,Highway,Dark,Moderate,2,0
A00291,2023-06-08,07:10,Morning,Bridge Road,18.978814,73.063295,Cloudy,Poor,Residential Road,Daylight,Moderate,2,2
A00292,2023-06-09,19:10,Evening,Expressway,19.172099,72.884604,Clear,Dry,Residential Road,Dusk,Minor,2,0
A00293,2023-06-09,02:00,Night,Market Road,18.988581,72.891291,Foggy,Dry,Expressway,Dark,Minor,4,1
A00294,2023-06-10,15:40,Afternoon,Station Road,18.900503,72.962941,Clear,Dry,Urban Road,Daylight,Minor,1,0
A00295,2023-06-11,02:10,Night,Main Highway,19.273505,73.01355,Rainy,Slippery,Highway,Dark,Moderate,4,1
A00296,2023-06-11,17:00,Evening,College Road,19.022406,73.007117,Clear,Dry,Urban Road,Daylight,Moderate,4,3
A00297,2023-06-12,13:10,Afternoon,Junction Road,18.978653,72.75693,Rainy,Wet,Urban Road,Daylight,Moderate,2,1
A00298,2023-06-12,17:20,Evening,Residential Area,19.007259,72.990595,Cloudy,Dry,Highway,Daylight,Minor,3,2
A00299,2023-06-13,01:40,Night,City Center,19.032179,72.907694,Rainy,Wet,Residential Road,Dark,Minor,2,1
A00300,2023-06-13,21:30,Night,City Center,19.089819,72.933431,Clear,Dry,Urban Road,Dark,Moderate,3,2
A00301,2023-06-14,02:10,Night,Station Road,18.927741,72.946582,Cloudy,Dry,Residential Road,Dark,Severe,2,2
A00302,2023-06-14,15:20,Afternoon,Residential Area,18.921069,73.006102,Cloudy,Dry,Urban Road,Daylight,Moderate,2,1
A00303,2023-06-15,08:30,Morning,Junction Road,19.017164,73.040967,Rainy,Wet,Urban Road,Daylight,Moderate,2,1
A00304,2023-06-15,03:30,Night,Expressway,19.018306,72.976191,Cloudy,Dry,Urban Road,Dark,Minor,3,0
A00305,2023-06-16,00:10,Night,Market Road,18.947058,72.947368,Cloudy,Wet,Intersection,Dark,Moderate,4,1
A00306,2023-06-17,03:00,Night,Main Highway,19.061917,72.880819,Clear,Poor,Highway,Dark,Severe,2,1
A00307,2023-06-17,00:10,Night,Expressway,19.013611,72.798257,Clear,Dry,Expressway,Dark,Moderate,2,0
A00308,2023-06-18,13:20,Afternoon,College Road,18.910422,73.085502,Cloudy,Dry,Urban Road,Daylight,Moderate,2,2
A00309,2023-06-18,20:30,Evening,Expressway,19.254288,72.911645,Clear,Wet,Intersection,Dusk,Moderate,3,0
A00310,2023-06-19,15:10,Afternoon,Junction Road,19.254408,72.948174,Stormy,Wet,Expressway,Daylight,Moderate,1,0
A00311,2023-06-19,19:00,Evening,Market Road,18.983673,73.012876,Rainy,Wet,Urban Road,Dusk,Moderate,3,1
A00312,2023-06-20,23:10,Night,College Road,18.965149,72.773944,Stormy,Dry,Residential Road,Dark,Moderate,2,0
A00313,2023-06-20,07:40,Morning,Junction Road,19.118917,73.049254,Clear,Dry,Highway,Daylight,Moderate,3,2
A00314,2023-06-21,06:00,Morning,City Center,19.152301,73.028959,Foggy,Dry,Intersection,Daylight,Minor,4,2
A00315,2023-06-22,02:20,Night,Industrial Area,19.283017,73.02105,Rainy,Wet,Urban Road,Dark,Fatal,3,2
A00316,2023-06-22,16:30,Afternoon,City Center,19.050939,72.757694,Rainy,Wet,Urban Road,Daylight,Severe,3,4
A00317,2023-06-23,00:10,Night,Industrial Area,19.14728,72.934282,Cloudy,Wet,Residential Road,Dark,Minor,2,0
A00318,2023-06-23,15:00,Afternoon,Residential Area,19.251272,72.768994,Clear,Dry,Expressway,Daylight,Moderate,4,0
A00319,2023-06-24,11:40,Morning,Station Road,19.079982,72.942805,Rainy,Wet,Highway,Daylight,Minor,3,4
A00320,2023-06-24,18:00,Evening,City Center,18.948938,73.001457,Cloudy,Dry,Residential Road,Dusk,Minor,4,1
A00321,2023-06-25,21:50,Night,Bridge Road,19.050979,72.792648,Clear,Dry,Urban Road,Dark,Minor,2,0
A00322,2023-06-25,22:40,Night,Market Road,18.954627,72.993209,Clear,Dry,Urban Road,Dark,Moderate,2,3
A00323,2023-06-26,21:20,Night,Bridge Road,18.906656,72.907336,Foggy,Wet,Residential Road,Dark,Severe,2,1
A00324,2023-06-26,13:30,Afternoon,Junction Road,19.200621,73.034044,Rainy,Slippery,Urban Road,Daylight,Moderate,2,0
A00325,2023-06-27,05:20,Morning,Residential Area,18.995369,72.936756,Stormy,Wet,Urban Road,Dark,Moderate,2,1
A00326,2023-06-28,05:10,Morning,Expressway,18.900803,72.867643,Cloudy,Dry,Expressway,Dark,Minor,4,2
A00327,2023-06-28,12:00,Afternoon,Junction Road,19.248973,72.866197,Clear,Dry,Highway,Daylight,Minor,3,0
A00328,2023-06-29,18:50,Evening,Junction Road,19.077516,73.06412,Clear,Dry,Residential Road,Dusk,Minor,5,1
A00329,2023-06-29,21:40,Night,Ring Road,18.995544,72.908505,Clear,Wet,Highway,Dark,Moderate,1,1
A00330,2023-06-30,07:40,Morning,Bridge Road,19.005116,72.892014,Clear,Dry,Highway,Daylight,Severe,2,1
A00331,2023-06-30,01:00,Night,Expressway,18.996215,72.763956,Clear,Wet,Highway,Dark,Moderate,4,2
A00332,2023-07-01,20:50,Evening,Residential Area,18.977822,72.877514,Clear,Dry,Residential Road,Dusk,Moderate,2,2
A00333,2023-07-01,00:00,Night,Ring Road,19.23649,73.047369,Clear,Dry,Residential Road,Dark,Severe,2,0
A00334,2023-07-02,14:10,Afternoon,Industrial Area,18.968133,73.016346,Foggy,Dry,Highway,Daylight,Minor,4,2
A00335,2023-07-02,00:20,Night,Bridge Road,19.124742,72.82732,Clear,Dry,Highway,Dark,Severe,2,3
A00336,2023-07-03,04:40,Night,Residential Area,18.930928,72.89457,Foggy,Dry,Intersection,Dark,Moderate,2,1
A00337,2023-07-04,15:10,Afternoon,Ring Road,19.279809,72.818803,Cloudy,Wet,Highway,Daylight,Moderate,4,3
A00338,2023-07-04,18:20,Evening,Industrial Area,19.141326,73.083976,Clear,Dry,Intersection,Dusk,Minor,1,0
A00339,2023-07-05,03:10,Night,Residential Area,19.261261,72.959341,Clear,Poor,Highway,Dark,Moderate,4,0
A00340,2023-07-05,02:50,Night,Residential Area,19.059151,73.014024,Clear,Dry,Expressway,Dark,Severe,1,1
A00341,2023-07-06,16:40,Afternoon,Industrial Area,19.224269,72.999833,Clear,Dry,Urban Road,Daylight,Minor,3,4
A00342,2023-07-06,16:00,Afternoon,Industrial Area,19.241462,73.055791,Rainy,Wet,Intersection,Daylight,Moderate,1,0
A00343,2023-07-07,11:00,Morning,Expressway,19.18118,73.082265,Clear,Dry,Residential Road,Daylight,Minor,3,1
A00344,2023-07-07,13:20,Afternoon,Residential Area,18.937179,72.761356,Clear,Dry,Urban Road,Daylight,Severe,1,4
A00345,2023-07-08,20:30,Evening,Junction Road,18.906432,73.091355,Clear,Dry,Highway,Dusk,Moderate,4,2
A00346,2023-07-08,05:50,Morning,Airport Road,18.967424,73.05469,Stormy,Wet,Expressway,Dark,Severe,2,3
A00347,2023-07-09,02:20,Night,College Road,18.947239,72.884032,Rainy,Slippery,Residential Road,Dark,Minor,1,0
A00348,2023-07-10,08:30,Morning,Airport Road,19.190055,73.042974,Rainy,Wet,Highway,Daylight,Minor,3,2
A00349,2023-07-10,04:10,Night,Main Highway,19.122803,73.007795,Clear,Wet,Highway,Dark,Minor,2,2
A00350,2023-07-11,23:50,Night,City Center,19.11038,73.02759,Rainy,Slippery,Expressway,Dark,Minor,2,1
A00351,2023-07-11,16:10,Afternoon,College Road,19.001147,72.827242,Rainy,Wet,Urban Road,Daylight,Minor,1,0
A00352,2023-07-12,13:40,Afternoon,Market Road,18.961843,72.976997,Cloudy,Dry,Residential Road,Daylight,Moderate,2,1
A00353,2023-07-12,20:50,Evening,Junction Road,18.982619,72.759074,Stormy,Wet,Urban Road,Dusk,Minor,1,0
A00354,2023-07-13,02:30,Night,Bridge Road,19.060111,73.04688,Clear,Dry,Intersection,Dark,Moderate,1,0
A00355,2023-07-13,00:40,Night,Expressway,19.196057,73.082865,Foggy,Dry,Intersection,Dark,Minor,2,0
A00356,2023-07-14,19:00,Evening,City Center,19.001807,72.981743,Foggy,Poor,Intersection,Dusk,Moderate,3,0
A00357,2023-07-15,20:30,Evening,Airport Road,19.179445,72.929434,Clear,Dry,Highway,Dusk,Moderate,2,1
A00358,2023-07-15,22:20,Night,Expressway,19.096605,73.004006,Cloudy,Dry,Intersection,Dark,Moderate,1,1
A00359,2023-07-16,00:00,Night,Industrial Area,19.254176,72.864226,Stormy,Wet,Urban Road,Dark,Fatal,5,2
A00360,2023-07-16,02:00,Night,Junction Road,18.993166,72.969236,Clear,Dry,Residential Road,Dark,Minor,4,2
A00361,2023-07-17,17:20,Evening,Expressway,19.080343,73.001641,Cloudy,Dry,Urban Road,Daylight,Moderate,2,1
A00362,2023-07-17,09:50,Morning,Residential Area,18.938666,72.799938,Stormy,Wet,Highway,Daylight,Moderate,2,0
A00363,2023-07-18,21:00,Night,Airport Road,19.034061,72.799024,Cloudy,Dry,Intersection,Dark,Minor,4,0
A00364,2023-07-18,02:30,Night,Market Road,19.102752,73.000648,Clear,Dry,Highway,Dark,Moderate,2,0
A00365,2023-07-19,07:40,Morning,Main Highway,19.193096,72.901124,Cloudy,Dry,Residential Road,Daylight,Moderate,2,0
A00366,2023-07-19,13:00,Afternoon,Market Road,18.979231,73.061221,Clear,Dry,Expressway,Daylight,Moderate,2,0
A00367,2023-07-20,23:30,Night,Market Road,18.987237,72.859179,Cloudy,Dry,Expressway,Dark,Moderate,3,1
A00368,2023-07-21,17:10,Evening,Airport Road,19.152631,72.764851,Clear,Dry,Highway,Daylight,Fatal,2,1
A00369,2023-07-21,14:30,Afternoon,Industrial Area,19.052983,72.977457,Cloudy,Dry,Urban Road,Daylight,Severe,3,1
A00370,2023-07-22,21:40,Night,College Road,19.092838,72.989484,Cloudy,Wet,Expressway,Dark,Minor,3,3
A00371,2023-07-22,22:30,Night,Expressway,19.234454,72.943757,Rainy,Wet,Urban Road,Dark,Minor,2,2
A00372,2023-07-23,01:20,Night,City Center,19.099633,72.989166,Cloudy,Dry,Urban Road,Dark,Severe,4,2
A00373,2023-07-23,09:40,Morning,Junction Road,19.161,72.933314,Cloudy,Dry,Urban Road,Daylight,Fatal,2,0
A00374,2023-07-24,01:50,Night,Industrial Area,19.16271,72.992421,Rainy,Wet,Urban Road,Dark,Minor,3,2
A00375,2023-07-24,16:10,Afternoon,Station Road,19.221445,72.765378,Clear,Wet,Intersection,Daylight,Minor,2,0
A00376,2023-07-25,07:20,Morning,Expressway,19.155256,72.878939,Cloudy,Dry,Urban Road,Daylight,Severe,2,1
A00377,2023-07-25,00:50,Night,Airport Road,18.925924,72.823786,Clear,Wet,Residential Road,Dark,Moderate,2,0
A00378,2023-07-26,08:30,Morning,Bridge Road,19.036869,72.784764,Foggy,Wet,Urban Road,Daylight,Minor,2,1
A00379,2023-07-27,10:40,Morning,Market Road,19.295726,72.831932,Clear,Dry,Urban Road,Daylight,Moderate,2,0
A00380,2023-07-27,21:10,Night,Bridge Road,18.978604,72.816959,Clear,Wet,Highway,Dark,Severe,2,1
A00381,2023-07-28,15:20,Afternoon,Junction Road,19.134692,73.090596,Rainy,Wet,Urban Road,Daylight,Severe,2,0
A00382,2023-07-28,06:50,Morning,City Center,19.237176,72.850291,Cloudy,Dry,Urban Road,Daylight,Moderate,3,0
A00383,2023-07-29,09:50,Morning,Market Road,19.134623,72.830836,Clear,Dry,Residential Road,Daylight,Moderate,1,0
A00384,2023-07-29,22:10,Night,Main Highway,19.048908,73.042206,Cloudy,Wet,Urban Road,Dark,Minor,3,2
A00385,2023-07-30,02:30,Night,Main Highway,18.932091,72.896691,Cloudy,Wet,Urban Road,Dark,Severe,2,2
A00386,2023-07-30,17:10,Evening,City Center,19.044666,72.897513,Rainy,Wet,Urban Road,Daylight,Minor,1,1
A00387,2023-07-31,23:50,Night,Market Road,18.972827,72.905257,Clear,Wet,Highway,Dark,Severe,2,1
A00388,2023-07-31,12:00,Afternoon,Ring Road,19.284345,72.895787,Cloudy,Dry,Intersection,Daylight,Minor,2,0
A00389,2023-08-01,06:20,Morning,Station Road,19.186013,72.864298,Cloudy,Dry,Urban Road,Daylight,Severe,2,3
A00390,2023-08-02,03:10,Night,Junction Road,19.199753,72.850219,Rainy,Wet,Highway,Dark,Minor,2,0
A00391,2023-08-02,12:50,Afternoon,Expressway,19.074388,73.058686,Cloudy,Dry,Highway,Daylight,Moderate,5,1
A00392,2023-08-03,19:30,Evening,Expressway,18.943986,72.806598,Cloudy,Dry,Intersection,Dusk,Minor,5,3
A00393,2023-08-03,00:50,Night,Ring Road,19.006687,72.813372,Clear,Dry,Highway,Dark,Moderate,2,2
A00394,2023-08-04,07:30,Morning,College Road,19.003884,72.950102,Clear,Dry,Expressway,Daylight,Severe,3,5
A00395,2023-08-04,13:10,Afternoon,College Road,19.094712,72.870281,Clear,Dry,Highway,Daylight,Moderate,1,0
A00396,2023-08-05,15:30,Afternoon,Residential Area,19.084392,72.897535,Clear,Dry,Intersection,Daylight,Moderate,2,0
A00397,2023-08-05,13:40,Afternoon,College Road,19.073363,73.032291,Clear,Dry,Intersection,Daylight,Minor,3,2
A00398,2023-08-06,11:40,Morning,Industrial Area,19.098391,73.066271,Cloudy,Dry,Residential Road,Daylight,Severe,2,3
A00399,2023-08-07,18:40,Evening,Residential Area,19.294809,73.026694,Clear,Wet,Highway,Dusk,Moderate,1,1
A00400,2023-08-07,22:00,Night,Junction Road,19.019341,72.832225,Foggy,Dry,Urban Road,Dark,Moderate,2,0
A00401,2023-08-08,14:10,Afternoon,Main Highway,19.146108,73.09299,Clear,Dry,Urban Road,Daylight,Severe,2,1
A00402,2023-08-08,01:50,Night,Expressway,18.995803,72.877112,Rainy,Slippery,Urban Road,Dark,Moderate,2,0
A00403,2023-08-09,01:50,Night,Industrial Area,19.086643,72.809173,Cloudy,Dry,Urban Road,Dark,Moderate,2,3
A00404,2023-08-09,22:00,Night,Market Road,18.98002,72.924824,Clear,Dry,Highway,Dark,Moderate,2,4
A00405,2023-08-10,21:30,Night,City Center,19.123277,73.00385,Clear,Wet,Residential Road,Dark,Moderate,2,0
A00406,2023-08-10,18:00,Evening,City Center,19.006005,72.779145,Cloudy,Dry,Urban Road,Dusk,Severe,3,1
A00407,2023-08-11,21:30,Night,Station Road,18.914716,72.972,Clear,Poor,Urban Road,Dark,Severe,2,2
A00408,2023-08-11,21:30,Night,Main Highway,19.226108,73.050327,Foggy,Dry,Highway,Dark,Minor,3,0
A00409,2023-08-12,16:20,Afternoon,Station Road,18.951302,72.841624,Cloudy,Wet,Intersection,Daylight,Minor,3,2
A00410,2023-08-13,19:50,Evening,Ring Road,19.047216,72.992593,Foggy,Dry,Urban Road,Dusk,Minor,3,1
A00411,2023-08-13,09:40,Morning,Airport Road,19.090871,72.889968,Clear,Dry,Expressway,Daylight,Minor,3,1
A00412,2023-08-14,05:30,Morning,Main Highway,19.072992,72.894947,Rainy,Wet,Urban Road,Dark,Moderate,2,0
A00413,2023-08-14,14:20,Afternoon,Bridge Road,19.190266,72.848285,Cloudy,Dry,Highway,Daylight,Severe,2,1
A00414,2023-08-15,21:50,Night,Junction Road,19.138711,72.968538,Rainy,Wet,Urban Road,Dark,Minor,2,3
A00415,2023-08-15,10:40,Morning,College Road,19.018148,72.87635,Clear,Poor,Urban Road,Daylight,Moderate,5,0
A00416,2023-08-16,04:30,Night,Residential Area,18.920681,73.040816,Cloudy,Dry,Expressway,Dark,Severe,3,3
A00417,2023-08-16,00:30,Night,Ring Road,19.207038,73.087017,Cloudy,Dry,Residential Road,Dark,Severe,1,3
A00418,2023-08-17,07:00,Morning,College Road,19.041011,73.077281,Rainy,Wet,Urban Road,Daylight,Moderate,1,0
A00419,2023-08-17,20:00,Evening,Residential Area,19.25589,72.807095,Clear,Dry,Intersection,Dusk,Severe,5,2
A00420,2023-08-18,11:50,Morning,City Center,19.058023,72.754967,Foggy,Poor,Urban Road,Daylight,Moderate,1,0
A00421,2023-08-19,11:40,Morning,Industrial Area,19.187063,72.903464,Clear,Dry,Intersection,Daylight,Minor,1,0
A00422,2023-08-19,04:30,Night,City Center,19.275826,73.005109,Rainy,Slippery,Intersection,Dark,Minor,2,1
A00423,2023-08-20,06:50,Morning,Ring Road,19.160461,73.092109,Rainy,Wet,Highway,Daylight,Minor,5,3
A00424,2023-08-20,03:50,Night,City Center,19.065396,73.024198,Rainy,Wet,Urban Road,Dark,Minor,2,0
A00425,2023-08-21,05:10,Morning,City Center,19.12696,72.953192,Cloudy,Wet,Urban Road,Dark,Severe,2,3
A00426,2023-08-21,12:00,Afternoon,City Center,19.117378,72.759224,Clear,Dry,Residential Road,Daylight,Severe,3,2
A00427,2023-08-22,19:40,Evening,Main Highway,19.133928,73.038939,Stormy,Wet,Urban Road,Dusk,Moderate,1,0
A00428,2023-08-22,14:30,Afternoon,Ring Road,18.958728,72.812001,Clear,Poor,Intersection,Daylight,Moderate,4,0
A00429,2023-08-23,02:50,Night,Station Road,19.179404,72.769462,Cloudy,Wet,Residential Road,Dark,Minor,2,1
A00430,2023-08-23,22:30,Night,City Center,18.958017,73.047626,Rainy,Wet,Highway,Dark,Moderate,2,2
A00431,2023-08-24,07:10,Morning,City Center,18.905847,72.948188,Rainy,Wet,Highway,Daylight,Severe,4,5
A00432,2023-08-25,19:40,Evening,Residential Area,19.149912,72.794993,Clear,Dry,Residential Road,Dusk,Minor,5,0
A00433,2023-08-25,15:50,Afternoon,Junction Road,18.946765,72.88529,Cloudy,Dry,Highway,Daylight,Minor,2,3
A00434,2023-08-26,12:30,Afternoon,Junction Road,19.208165,72.77994,Rainy,Slippery,Expressway,Daylight,Moderate,2,0
A00435,2023-08-26,17:00,Evening,Industrial Area,19.246386,72.973304,Clear,Dry,Urban Road,Daylight,Moderate,3,0
A00436,2023-08-27,09:10,Morning,City Center,19.277895,72.84885,Foggy,Dry,Urban Road,Daylight,Minor,2,1
A00437,2023-08-27,18:40,Evening,Station Road,19.165791,73.053133,Clear,Dry,Highway,Dusk,Moderate,4,1
A00438,2023-08-28,16:10,Afternoon,Station Road,19.092806,72.875229,Clear,Dry,Residential Road,Daylight,Moderate,4,2
A00439,2023-08-28,23:00,Night,Industrial Area,19.040912,72.923122,Clear,Dry,Highway,Dark,Minor,2,1
A00440,2023-08-29,18:40,Evening,Industrial Area,19.09637,72.772233,Clear,Dry,Expressway,Dusk,Minor,5,3
A00441,2023-08-30,22:10,Night,Ring Road,18.976141,72.846457,Foggy,Dry,Urban Road,Dark,Moderate,2,0
A00442,2023-08-30,04:20,Night,Industrial Area,19.039369,72.986869,Clear,Dry,Expressway,Dark,Severe,3,5
A00443,2023-08-31,20:00,Evening,Bridge Road,19.187172,73.007692,Clear,Dry,Residential Road,Dusk,Fatal,1,3
A00444,2023-08-31,22:00,Night,Expressway,18.986969,72.834988,Clear,Dry,Highway,Dark,Severe,4,1
A00445,2023-09-01,08:00,Morning,Ring Road,19.005627,72.926337,Cloudy,Dry,Expressway,Daylight,Moderate,3,3
A00446,2023-09-01,11:20,Morning,Market Road,19.199731,73.036136,Cloudy,Dry,Highway,Daylight,Moderate,3,2
A00447,2023-09-02,20:20,Evening,City Center,18.971134,72.882969,Clear,Dry,Urban Road,Dusk,Moderate,4,2
A00448,2023-09-02,00:30,Night,Expressway,18.998355,72.79682,Clear,Dry,Highway,Dark,Severe,2,0
A00449,2023-09-03,00:50,Night,Station Road,18.907019,72.901155,Foggy,Dry,Expressway,Dark,Minor,2,2
A00450,2023-09-03,14:10,Afternoon,Junction Road,19.188021,72.96022,Clear,Dry,Intersection,Daylight,Moderate,4,2
A00451,2023-09-04,01:30,Night,Market Road,19.147161,72.752589,Cloudy,Dry,Residential Road,Dark,Moderate,3,0
A00452,2023-09-05,21:10,Night,City Center,19.177754,72.871999,Clear,Poor,Urban Road,Dark,Moderate,4,1
A00453,2023-09-05,15:50,Afternoon,Expressway,18.985731,72.962603,Rainy,Slippery,Expressway,Daylight,Minor,4,1
A00454,2023-09-06,07:20,Morning,Station Road,19.174951,73.083169,Clear,Dry,Highway,Daylight,Moderate,2,0
A00455,2023-09-06,12:50,Afternoon,Station Road,19.138551,72.892992,Cloudy,Wet,Intersection,Daylight,Severe,2,1
A00456,2023-09-07,20:20,Evening,Residential Area,19.046449,72.80704,Clear,Dry,Highway,Dusk,Moderate,2,0
A00457,2023-09-07,00:50,Night,Ring Road,19.07513,72.936977,Stormy,Wet,Intersection,Dark,Severe,3,3
A00458,2023-09-08,15:30,Afternoon,Expressway,19.127168,72.850013,Clear,Dry,Expressway,Daylight,Minor,2,1
A00459,2023-09-08,06:40,Morning,Airport Road,19.097317,72.825173,Rainy,Slippery,Expressway,Daylight,Severe,3,4
A00460,2023-09-09,04:30,Night,Residential Area,19.156731,72.956641,Clear,Dry,Residential Road,Dark,Moderate,2,0
A00461,2023-09-09,21:10,Night,Junction Road,18.972392,73.070559,Clear,Dry,Urban Road,Dark,Moderate,2,1
A00462,2023-09-10,22:30,Night,Market Road,19.116284,73.042328,Rainy,Slippery,Residential Road,Dark,Minor,2,0
A00463,2023-09-11,02:00,Night,College Road,19.080112,72.813802,Clear,Wet,Highway,Dark,Minor,1,0
A00464,2023-09-11,11:10,Morning,Ring Road,19.084408,73.018058,Rainy,Wet,Residential Road,Daylight,Moderate,3,0
A00465,2023-09-12,15:50,Afternoon,Industrial Area,19.087753,72.830454,Foggy,Dry,Residential Road,Daylight,Minor,2,1
A00466,2023-09-12,18:10,Evening,Expressway,19.252589,72.851745,Rainy,Wet,Intersection,Dusk,Moderate,2,0
A00467,2023-09-13,04:40,Night,College Road,19.227451,73.072018,Clear,Dry,Urban Road,Dark,Minor,1,0
A00468,2023-09-13,21:20,Night,Junction Road,19.151828,73.068868,Rainy,Wet,Highway,Dark,Severe,3,7
A00469,2023-09-14,13:50,Afternoon,Market Road,19.186595,72.809021,Clear,Dry,Urban Road,Daylight,Severe,3,1
A00470,2023-09-14,04:10,Night,Expressway,18.917121,72.772467,Foggy,Poor,Residential Road,Dark,Minor,2,1
A00471,2023-09-15,14:50,Afternoon,City Center,19.197597,72.852591,Cloudy,Dry,Highway,Daylight,Moderate,3,1
A00472,2023-09-16,16:50,Afternoon,Expressway,19.094466,72.953621,Rainy,Slippery,Urban Road,Daylight,Severe,2,1
A00473,2023-09-16,13:50,Afternoon,Main Highway,19.027099,73.056912,Cloudy,Dry,Expressway,Daylight,Moderate,2,0
A00474,2023-09-17,19:20,Evening,Airport Road,18.955911,72.791593,Cloudy,Dry,Residential Road,Dusk,Minor,3,1
A00475,2023-09-17,04:30,Night,Residential Area,18.930084,72.895235,Clear,Dry,Urban Road,Dark,Moderate,2,0
A00476,2023-09-18,11:50,Morning,City Center,18.917954,72.845112,Rainy,Wet,Urban Road,Daylight,Minor,3,2
A00477,2023-09-18,15:00,Afternoon,Market Road,18.964718,72.755225,Clear,Dry,Expressway,Daylight,Minor,1,0
A00478,2023-09-19,15:40,Afternoon,Ring Road,18.912058,73.025956,Cloudy,Dry,Urban Road,Daylight,Minor,5,3
A00479,2023-09-19,20:20,Evening,Market Road,19.193057,73.034649,Rainy,Slippery,Expressway,Dusk,Moderate,1,1
A00480,2023-09-20,06:10,Morning,College Road,18.999446,72.82743,Cloudy,Poor,Highway,Daylight,Minor,2,0
A00481,2023-09-20,03:20,Night,Main Highway,19.047496,72.802934,Clear,Poor,Intersection,Dark,Severe,4,1
A00482,2023-09-21,00:10,Night,College Road,19.229086,72.800596,Cloudy,Dry,Urban Road,Dark,Minor,1,1
A00483,2023-09-22,04:20,Night,Ring Road,18.945863,72.912382,Clear,Dry,Urban Road,Dark,Minor,2,1
A00484,2023-09-22,22:10,Night,Junction Road,19.234238,72.836273,Cloudy,Dry,Residential Road,Dark,Moderate,2,0
A00485,2023-09-23,09:50,Morning,Expressway,19.155816,72.928974,Clear,Wet,Residential Road,Daylight,Minor,3,4
A00486,2023-09-23,21:30,Night,Station Road,19.036812,72.884698,Clear,Dry,Highway,Dark,Moderate,2,1
A00487,2023-09-24,04:10,Night,College Road,18.947123,72.823812,Clear,Poor,Expressway,Dark,Minor,1,0
A00488,2023-09-24,03:10,Night,Bridge Road,18.936597,73.012917,Rainy,Wet,Urban Road,Dark,Minor,3,0
A00489,2023-09-25,01:00,Night,Station Road,19.034206,72.802627,Clear,Poor,Intersection,Dark,Minor,2,0
A00490,2023-09-25,19:10,Evening,Industrial Area,18.956137,73.029616,Clear,Wet,Expressway,Dusk,Moderate,3,0
A00491,2023-09-26,09:00,Morning,City Center,19.007084,72.946506,Foggy,Poor,Urban Road,Daylight,Minor,2,2
A00492,2023-09-26,18:40,Evening,Expressway,18.921182,73.041213,Clear,Dry,Expressway,Dusk,Severe,2,0
A00493,2023-09-27,00:50,Night,Ring Road,19.138003,72.751666,Cloudy,Dry,Urban Road,Dark,Moderate,2,1
A00494,2023-09-28,23:00,Night,Market Road,18.95811,73.012216,Rainy,Wet,Highway,Dark,Moderate,3,0
A00495,2023-09-28,04:30,Night,Expressway,19.202693,72.76803,Foggy,Dry,Intersection,Dark,Moderate,2,1
A00496,2023-09-29,12:50,Afternoon,Industrial Area,18.98727,73.082535,Rainy,Wet,Residential Road,Daylight,Moderate,2,0
A00497,2023-09-29,03:00,Night,College Road,19.219191,72.995959,Rainy,Wet,Urban Road,Dark,Severe,2,2
A00498,2023-09-30,15:50,Afternoon,City Center,18.975953,72.86206,Rainy,Wet,Urban Road,Daylight,Minor,2,2
A00499,2023-09-30,23:50,Night,Station Road,19.188547,72.861948,Clear,Dry,Urban Road,Dark,Minor,2,0
A00500,2023-10-01,15:50,Afternoon,Junction Road,19.03323,73.051522,Rainy,Wet,Intersection,Daylight,Minor,2,0
A00501,2023-10-01,22:40,Night,Bridge Road,19.133248,73.065994,Clear,Dry,Highway,Dark,Minor,3,1
A00502,2023-10-02,01:30,Night,Station Road,18.915465,73.062051,Foggy,Poor,Urban Road,Dark,Minor,2,0
A00503,2023-10-02,16:20,Afternoon,Junction Road,19.098098,73.033059,Clear,Dry,Urban Road,Daylight,Moderate,2,0
A00504,2023-10-03,19:20,Evening,Residential Area,18.959475,73.036661,Cloudy,Dry,Urban Road,Dusk,Moderate,2,2
A00505,2023-10-04,23:00,Night,Ring Road,19.094528,72.950469,Clear,Dry,Urban Road,Dark,Fatal,2,3
A00506,2023-10-04,11:50,Morning,Station Road,18.956544,72.759881,Rainy,Slippery,Highway,Daylight,Minor,2,0
A00507,2023-10-05,17:00,Evening,Main Highway,19.074836,72.780371,Clear,Dry,Highway,Daylight,Minor,4,1
A00508,2023-10-05,02:40,Night,Ring Road,18.944248,72.977344,Foggy,Dry,Urban Road,Dark,Fatal,3,2
A00509,2023-10-06,00:40,Night,Residential Area,18.987981,72.890408,Rainy,Wet,Intersection,Dark,Severe,3,2
A00510,2023-10-06,00:10,Night,Ring Road,19.138032,72.948558,Clear,Dry,Highway,Dark,Moderate,4,1
A00511,2023-10-07,18:40,Evening,Ring Road,19.290664,72.830877,Rainy,Wet,Expressway,Dusk,Moderate,2,0
A00512,2023-10-07,10:10,Morning,Bridge Road,19.079674,72.977296,Rainy,Dry,Expressway,Daylight,Severe,1,4
A00513,2023-10-08,04:30,Night,Bridge Road,19.174869,72.83499,Cloudy,Poor,Expressway,Dark,Moderate,3,1
A00514,2023-10-09,11:00,Morning,Market Road,19.11577,72.911284,Clear,Dry,Intersection,Daylight,Minor,2,1
A00515,2023-10-09,02:30,Night,Station Road,19.099343,72.917552,Clear,Dry,Urban Road,Dark,Severe,2,0
A00516,2023-10-10,00:40,Night,College Road,18.925882,72.812184,Clear,Dry,Highway,Dark,Moderate,3,1
A00517,2023-10-10,00:30,Night,College Road,18.957719,73.056673,Clear,Dry,Urban Road,Dark,Minor,3,2
A00518,2023-10-11,07:30,Morning,Junction Road,19.253223,72.934037,Foggy,Wet,Urban Road,Daylight,Moderate,2,0
A00519,2023-10-11,09:30,Morning,Bridge Road,19.064066,73.053374,Clear,Dry,Expressway,Daylight,Minor,2,0
A00520,2023-10-12,10:40,Morning,City Center,19.145733,72.841887,Rainy,Dry,Residential Road,Daylight,Severe,3,1
A00521,2023-10-12,11:50,Morning,City Center,19.111293,72.810318,Clear,Poor,Intersection,Daylight,Minor,3,1
A00522,2023-10-13,12:30,Afternoon,City Center,19.051553,72.756306,Cloudy,Dry,Highway,Daylight,Severe,3,2
A00523,2023-10-13,11:10,Morning,Expressway,19.055127,72.782853,Rainy,Wet,Intersection,Daylight,Moderate,5,2
A00524,2023-10-14,13:40,Afternoon,City Center,19.122186,72.801615,Foggy,Dry,Urban Road,Daylight,Minor,1,1
A00525,2023-10-15,01:30,Night,Industrial Area,18.956457,72.777599,Clear,Dry,Urban Road,Dark,Minor,2,2
A00526,2023-10-15,18:50,Evening,College Road,19.054904,73.063908,Cloudy,Dry,Urban Road,Dusk,Moderate,2,3
A00527,2023-10-16,17:40,Evening,City Center,19.07879,73.069003,Clear,Dry,Expressway,Daylight,Severe,2,1
A00528,2023-10-16,02:20,Night,Residential Area,19.29405,73.078077,Clear,Wet,Urban Road,Dark,Minor,4,1
A00529,2023-10-17,22:50,Night,College Road,19.040582,73.085951,Clear,Dry,Intersection,Dark,Minor,5,3
A00530,2023-10-17,16:10,Afternoon,Ring Road,19.157832,72.922142,Cloudy,Dry,Intersection,Daylight,Moderate,2,0
A00531,2023-10-18,07:30,Morning,Station Road,18.954966,72.935509,Clear,Dry,Intersection,Daylight,Severe,1,1
A00532,2023-10-18,09:20,Morning,Ring Road,18.926193,72.795791,Rainy,Wet,Highway,Daylight,Minor,2,1
A00533,2023-10-19,01:20,Night,College Road,19.248617,72.797968,Clear,Dry,Intersection,Dark,Moderate,4,1
A00534,2023-10-19,18:40,Evening,Market Road,19.192294,73.020465,Cloudy,Dry,Expressway,Dusk,Moderate,2,0
A00535,2023-10-20,08:20,Morning,Main Highway,19.027,73.049505,Clear,Dry,Highway,Daylight,Minor,1,1
A00536,2023-10-21,06:10,Morning,Bridge Road,19.101831,73.02465,Rainy,Wet,Highway,Daylight,Moderate,1,0
A00537,2023-10-21,03:10,Night,College Road,18.954298,73.042102,Rainy,Wet,Highway,Dark,Minor,2,1
A00538,2023-10-22,20:00,Evening,Expressway,19.182864,72.8468,Cloudy,Poor,Highway,Dusk,Severe,4,2
A00539,2023-10-22,17:10,Evening,Airport Road,18.928132,72.913123,Rainy,Wet,Urban Road,Daylight,Moderate,2,2
A00540,2023-10-23,12:50,Afternoon,City Center,19.202813,72.91072,Clear,Dry,Intersection,Daylight,Moderate,2,2
A00541,2023-10-23,10:20,Morning,Main Highway,19.118735,73.098349,Cloudy,Dry,Urban Road,Daylight,Minor,2,0
A00542,2023-10-24,23:10,Night,Junction Road,19.01154,73.082212,Clear,Dry,Urban Road,Dark,Minor,2,1
A00543,2023-10-24,03:40,Night,Bridge Road,19.24503,72.95947,Clear,Dry,Intersection,Dark,Severe,3,2
A00544,2023-10-25,20:00,Evening,Industrial Area,19.294429,72.798291,Rainy,Dry,Urban Road,Dusk,Moderate,2,1
A00545,2023-10-25,03:20,Night,Industrial Area,19.00174,72.840509,Foggy,Poor,Intersection,Dark,Moderate,2,1
A00546,2023-10-26,09:00,Morning,Airport Road,19.222498,72.877317,Clear,Dry,Urban Road,Daylight,Moderate,4,1
A00547,2023-10-27,04:20,Night,Expressway,19.200067,73.055624,Cloudy,Dry,Residential Road,Dark,Moderate,1,0
A00548,2023-10-27,08:40,Morning,Residential Area,19.198876,72.809721,Cloudy,Dry,Urban Road,Daylight,Minor,3,1
A00549,2023-10-28,23:00,Night,Ring Road,19.282894,72.826911,Clear,Dry,Residential Road,Dark,Minor,2,0
A00550,2023-10-28,02:30,Night,Station Road,19.094647,72.872285,Clear,Wet,Highway,Dark,Minor,2,2
A00551,2023-10-29,16:50,Afternoon,Ring Road,19.169667,73.074419,Clear,Dry,Expressway,Daylight,Moderate,3,0
A00552,2023-10-29,02:50,Night,Bridge Road,19.229551,72.926334,Clear,Dry,Urban Road,Dark,Minor,4,2
A00553,2023-10-30,15:20,Afternoon,College Road,19.091815,72.976393,Clear,Dry,Intersection,Daylight,Minor,2,0
A00554,2023-10-30,03:30,Night,Ring Road,19.092572,72.885528,Clear,Dry,Urban Road,Dark,Severe,1,3
A00555,2023-10-31,17:00,Evening,Market Road,19.027462,72.815983,Clear,Poor,Highway,Daylight,Minor,2,0
A00556,2023-11-01,16:30,Afternoon,Ring Road,19.21233,72.82798,Rainy,Wet,Residential Road,Daylight,Moderate,2,1
A00557,2023-11-01,06:30,Morning,City Center,19.174478,73.030935,Cloudy,Wet,Highway,Daylight,Minor,2,0
A00558,2023-11-02,23:00,Night,Ring Road,19.080456,73.062719,Stormy,Wet,Expressway,Dark,Minor,3,0
A00559,2023-11-02,22:40,Night,Airport Road,19.067735,72.922576,Clear,Dry,Intersection,Dark,Minor,1,0
A00560,2023-11-03,04:30,Night,Industrial Area,18.929036,72.874948,Rainy,Wet,Expressway,Dark,Minor,2,1
A00561,2023-11-03,11:30,Morning,Junction Road,18.9026,73.032742,Foggy,Dry,Highway,Daylight,Severe,3,4
A00562,2023-11-04,16:40,Afternoon,Junction Road,19.111558,72.985583,Rainy,Slippery,Residential Road,Daylight,Moderate,2,1
A00563,2023-11-04,22:30,Night,Expressway,19.066997,72.764306,Clear,Dry,Residential Road,Dark,Minor,3,1
A00564,2023-11-05,12:30,Afternoon,City Center,19.218415,72.872759,Rainy,Wet,Expressway,Daylight,Minor,2,0
A00565,2023-11-05,22:30,Night,Bridge Road,19.117062,72.988761,Clear,Dry,Highway,Dark,Moderate,2,1
A00566,2023-11-06,02:50,Night,Market Road,19.274682,72.950788,Clear,Dry,Urban Road,Dark,Minor,5,2
A00567,2023-11-07,08:10,Morning,Residential Area,18.978456,73.092324,Cloudy,Dry,Urban Road,Daylight,Minor,2,0
A00568,2023-11-07,16:40,Afternoon,Ring Road,19.29606,73.05314,Cloudy,Poor,Highway,Daylight,Moderate,2,1
A00569,2023-11-08,16:30,Afternoon,College Road,19.019168,72.770908,Clear,Dry,Urban Road,Daylight,Severe,3,1
A00570,2023-11-08,19:50,Evening,Expressway,19.15697,73.004019,Foggy,Dry,Urban Road,Dusk,Minor,5,0
A00571,2023-11-09,15:40,Afternoon,Junction Road,19.100741,72.867714,Rainy,Slippery,Expressway,Daylight,Moderate,5,4
A00572,2023-11-09,21:20,Night,Expressway,19.043831,72.988729,Cloudy,Dry,Intersection,Dark,Severe,2,1
A00573,2023-11-10,12:20,Afternoon,Market Road,18.955724,72.966029,Foggy,Poor,Residential Road,Daylight,Minor,1,0
A00574,2023-11-10,18:30,Evening,Industrial Area,18.953934,72.926068,Clear,Poor,Urban Road,Dusk,Severe,4,2
A00575,2023-11-11,16:50,Afternoon,Junction Road,19.184602,73.048532,Stormy,Wet,Urban Road,Daylight,Moderate,2,2
A00576,2023-11-11,03:50,Night,Expressway,19.051057,72.998041,Cloudy,Dry,Intersection,Dark,Minor,2,0
A00577,2023-11-12,11:40,Morning,City Center,19.284519,73.061344,Clear,Dry,Intersection,Daylight,Fatal,3,1
A00578,2023-11-13,08:40,Morning,Station Road,19.030259,72.848561,Rainy,Slippery,Intersection,Daylight,Minor,2,0
A00579,2023-11-13,18:50,Evening,Airport Road,19.293409,72.871845,Rainy,Slippery,Expressway,Dusk,Minor,1,0
A00580,2023-11-14,11:40,Morning,Market Road,18.982169,72.967683,Rainy,Wet,Urban Road,Daylight,Severe,3,0
A00581,2023-11-14,08:50,Morning,Residential Area,18.941126,73.088263,Stormy,Wet,Expressway,Daylight,Moderate,2,1
A00582,2023-11-15,06:10,Morning,Residential Area,19.025028,72.880054,Rainy,Wet,Urban Road,Daylight,Minor,2,1
A00583,2023-11-15,13:50,Afternoon,Junction Road,19.254234,72.761303,Cloudy,Wet,Urban Road,Daylight,Minor,2,1
A00584,2023-11-16,19:20,Evening,Main Highway,19.108741,72.906061,Rainy,Wet,Expressway,Dusk,Moderate,3,1
A00585,2023-11-16,18:40,Evening,Residential Area,18.95426,72.940375,Rainy,Wet,Highway,Dusk,Severe,2,2
A00586,2023-11-17,14:50,Afternoon,Airport Road,18.981,73.030346,Clear,Dry,Highway,Daylight,Moderate,2,0
A00587,2023-11-17,15:50,Afternoon,Bridge Road,19.024504,73.00501,Foggy,Poor,Urban Road,Daylight,Fatal,3,0
A00588,2023-11-18,20:40,Evening,Bridge Road,19.136067,73.087632,Clear,Dry,Urban Road,Dusk,Minor,4,2
A00589,2023-11-19,04:10,Night,Expressway,19.032952,73.023939,Rainy,Wet,Intersection,Dark,Minor,2,0
A00590,2023-11-19,02:10,Night,Expressway,19.198822,72.85452,Foggy,Wet,Highway,Dark,Moderate,3,1
A00591,2023-11-20,11:40,Morning,Expressway,19.146517,72.974483,Rainy,Wet,Highway,Daylight,Moderate,3,0
A00592,2023-11-20,19:00,Evening,City Center,19.249529,72.985284,Rainy,Slippery,Highway,Dusk,Minor,3,0
A00593,2023-11-21,20:40,Evening,Market Road,19.100385,73.099307,Rainy,Dry,Highway,Dusk,Minor,2,1
A00594,2023-11-21,03:40,Night,Bridge Road,19.032471,72.798558,Cloudy,Dry,Highway,Dark,Severe,4,3
A00595,2023-11-22,20:10,Evening,Residential Area,19.298509,72.816964,Foggy,Wet,Residential Road,Dusk,Fatal,2,1
A00596,2023-11-22,22:10,Night,Market Road,19.042253,72.80443,Clear,Dry,Urban Road,Dark,Moderate,1,0
A00597,2023-11-23,15:40,Afternoon,Residential Area,19.071441,72.956171,Clear,Dry,Expressway,Daylight,Minor,2,0
A00598,2023-11-24,06:40,Morning,Residential Area,19.223651,72.797355,Clear,Wet,Intersection,Daylight,Fatal,3,3
A00599,2023-11-24,12:40,Afternoon,Station Road,18.935454,72.979603,Cloudy,Dry,Residential Road,Daylight,Severe,1,1
A00600,2023-11-25,20:10,Evening,Bridge Road,19.054596,73.031321,Cloudy,Dry,Highway,Dusk,Moderate,2,2
A00601,2023-11-25,09:40,Morning,Ring Road,18.934284,72.901478,Rainy,Wet,Highway,Daylight,Severe,3,4
A00602,2023-11-26,06:40,Morning,Station Road,18.955722,72.94624,Clear,Dry,Intersection,Daylight,Severe,4,2
A00603,2023-11-26,13:30,Afternoon,Junction Road,18.901856,73.069453,Cloudy,Dry,Urban Road,Daylight,Severe,3,2
A00604,2023-11-27,04:00,Night,Market Road,18.903818,72.949348,Clear,Dry,Expressway,Dark,Severe,2,0
A00605,2023-11-27,02:20,Night,Main Highway,19.052115,72.823012,Clear,Dry,Intersection,Dark,Moderate,1,1
A00606,2023-11-28,22:00,Night,Market Road,19.223666,72.870118,Cloudy,Dry,Intersection,Dark,Moderate,3,2
A00607,2023-11-28,10:30,Morning,Main Highway,19.134802,72.935446,Clear,Dry,Intersection,Daylight,Moderate,1,0
A00608,2023-11-29,10:20,Morning,Expressway,19.153966,72.804214,Clear,Dry,Residential Road,Daylight,Moderate,3,1
A00609,2023-11-30,17:40,Evening,Ring Road,19.1077,72.964382,Clear,Poor,Urban Road,Daylight,Severe,2,4
A00610,2023-11-30,14:30,Afternoon,Junction Road,19.227917,73.099736,Clear,Dry,Intersection,Daylight,Fatal,4,3
A00611,2023-12-01,11:40,Morning,Market Road,19.252151,72.978387,Cloudy,Dry,Urban Road,Daylight,Moderate,2,1
A00612,2023-12-01,08:10,Morning,Station Road,19.239896,72.880344,Clear,Dry,Highway,Daylight,Moderate,2,2
A00613,2023-12-02,09:50,Morning,Airport Road,19.224853,72.866111,Rainy,Wet,Residential Road,Daylight,Moderate,4,1
A00614,2023-12-02,11:30,Morning,Market Road,18.973085,73.076061,Rainy,Wet,Residential Road,Daylight,Moderate,2,0
A00615,2023-12-03,16:10,Afternoon,Ring Road,19.13755,73.05503,Cloudy,Dry,Intersection,Daylight,Moderate,2,1
A00616,2023-12-03,05:30,Morning,Station Road,19.132865,72.915326,Stormy,Wet,Residential Road,Dark,Minor,4,1
A00617,2023-12-04,06:30,Morning,Market Road,19.111178,72.873695,Cloudy,Poor,Urban Road,Daylight,Moderate,2,1
A00618,2023-12-04,13:10,Afternoon,College Road,19.092325,72.998662,Cloudy,Dry,Intersection,Daylight,Minor,2,1
A00619,2023-12-05,12:20,Afternoon,Residential Area,18.935668,72.860076,Stormy,Wet,Expressway,Daylight,Minor,2,1
A00620,2023-12-06,07:00,Morning,City Center,18.940865,72.791791,Clear,Dry,Residential Road,Daylight,Severe,2,2
A00621,2023-12-06,09:40,Morning,Station Road,19.260913,72.858553,Foggy,Wet,Urban Road,Daylight,Minor,1,0
A00622,2023-12-07,08:30,Morning,Main Highway,19.152075,72.902004,Clear,Dry,Urban Road,Daylight,Minor,3,0
A00623,2023-12-07,17:40,Evening,Industrial Area,19.004927,72.839394,Clear,Dry,Residential Road,Daylight,Minor,3,0
A00624,2023-12-08,01:50,Night,Expressway,19.01172,72.825885,Clear,Wet,Highway,Dark,Minor,2,0
A00625,2023-12-08,04:10,Night,Expressway,19.144078,72.752149,Rainy,Dry,Urban Road,Dark,Moderate,2,0
A00626,2023-12-09,04:40,Night,Junction Road,19.062774,72.970795,Cloudy,Dry,Residential Road,Dark,Moderate,4,1
A00627,2023-12-09,05:10,Morning,Industrial Area,19.07653,72.965057,Rainy,Wet,Urban Road,Dark,Severe,5,3
A00628,2023-12-10,18:40,Evening,Bridge Road,18.92426,72.815809,Clear,Poor,Urban Road,Dusk,Minor,2,1
A00629,2023-12-11,07:00,Morning,Residential Area,18.955496,73.080278,Clear,Wet,Highway,Daylight,Minor,3,0
A00630,2023-12-11,15:00,Afternoon,Industrial Area,19.05734,72.89335,Clear,Dry,Urban Road,Daylight,Minor,3,0
A00631,2023-12-12,12:00,Afternoon,Main Highway,19.179875,72.758918,Clear,Poor,Expressway,Daylight,Moderate,2,5
A00632,2023-12-12,00:00,Night,College Road,18.91921,72.82692,Foggy,Wet,Urban Road,Dark,Moderate,1,0
A00633,2023-12-13,21:00,Night,Bridge Road,19.033823,72.992224,Clear,Poor,Highway,Dark,Severe,2,1
A00634,2023-12-13,19:00,Evening,Expressway,19.178029,72.820567,Rainy,Wet,Residential Road,Dusk,Moderate,4,3
A00635,2023-12-14,16:10,Afternoon,City Center,19.21682,72.768869,Rainy,Wet,Intersection,Daylight,Moderate,3,2
A00636,2023-12-14,06:30,Morning,Bridge Road,18.976088,72.966197,Clear,Wet,Residential Road,Daylight,Severe,3,3
A00637,2023-12-15,12:40,Afternoon,Market Road,19.192595,72.931424,Cloudy,Dry,Highway,Daylight,Severe,2,0
A00638,2023-12-15,03:00,Night,Residential Area,19.282165,73.016443,Clear,Dry,Urban Road,Dark,Minor,3,1
A00639,2023-12-16,03:10,Night,Station Road,19.262725,73.020421,Clear,Dry,Intersection,Dark,Minor,3,1
A00640,2023-12-17,05:10,Morning,Bridge Road,19.21575,73.085977,Clear,Poor,Highway,Dark,Moderate,4,0
A00641,2023-12-17,18:10,Evening,Station Road,19.184931,72.769956,Cloudy,Wet,Residential Road,Dusk,Moderate,1,0
A00642,2023-12-18,11:30,Morning,City Center,18.994055,72.763646,Clear,Dry,Urban Road,Daylight,Fatal,3,2
A00643,2023-12-18,21:40,Night,Ring Road,19.153561,73.095519,Cloudy,Dry,Highway,Dark,Moderate,1,1
A00644,2023-12-19,06:30,Morning,Airport Road,19.15731,72.975697,Cloudy,Wet,Expressway,Daylight,Minor,3,0
A00645,2023-12-19,09:20,Morning,Ring Road,19.062729,73.00038,Clear,Dry,Expressway,Daylight,Fatal,3,2
A00646,2023-12-20,18:10,Evening,Industrial Area,19.097206,72.783769,Rainy,Wet,Residential Road,Dusk,Severe,2,2
A00647,2023-12-20,06:20,Morning,Market Road,19.177611,72.774434,Rainy,Slippery,Highway,Daylight,Minor,3,1
A00648,2023-12-21,02:50,Night,Residential Area,19.280841,72.806089,Clear,Dry,Highway,Dark,Severe,1,3
A00649,2023-12-21,12:00,Afternoon,Residential Area,19.018122,72.899518,Clear,Dry,Residential Road,Daylight,Minor,3,0
A00650,2023-12-22,12:00,Afternoon,Industrial Area,18.998545,72.788562,Rainy,Wet,Residential Road,Daylight,Minor,2,1
A00651,2023-12-23,17:30,Evening,College Road,19.140723,72.906217,Clear,Dry,Highway,Daylight,Severe,3,0
A00652,2023-12-23,19:40,Evening,Station Road,18.95232,72.946538,Cloudy,Wet,Highway,Dusk,Moderate,4,2
A00653,2023-12-24,07:20,Morning,Residential Area,19.133013,72.750117,Clear,Dry,Highway,Daylight,Minor,2,0
A00654,2023-12-24,08:40,Morning,Ring Road,18.935541,72.789986,Clear,Dry,Intersection,Daylight,Minor,2,1
A00655,2023-12-25,06:30,Morning,College Road,19.096234,72.881318,Clear,Dry,Expressway,Daylight,Moderate,2,1
A00656,2023-12-25,00:00,Night,College Road,19.148166,72.768665,Clear,Dry,Intersection,Dark,Minor,2,1
A00657,2023-12-26,02:40,Night,Station Road,18.928044,72.796735,Cloudy,Dry,Highway,Dark,Moderate,3,0
A00658,2023-12-26,12:40,Afternoon,Junction Road,18.982781,72.831129,Clear,Wet,Intersection,Daylight,Moderate,3,0
A00659,2023-12-27,16:00,Afternoon,Industrial Area,19.03415,72.90036,Rainy,Wet,Highway,Daylight,Minor,4,1
A00660,2023-12-27,23:20,Night,Bridge Road,19.047439,73.000193,Rainy,Dry,Urban Road,Dark,Moderate,4,1
A00661,2023-12-28,00:00,Night,Airport Road,19.170442,72.796441,Cloudy,Dry,Expressway,Dark,Severe,2,2
A00662,2023-12-29,05:40,Morning,Residential Area,19.111609,73.008286,Rainy,Wet,Urban Road,Dark,Moderate,3,1
A00663,2023-12-29,20:20,Evening,Main Highway,19.052843,73.049271,Clear,Dry,Urban Road,Dusk,Minor,3,0
A00664,2023-12-30,05:20,Morning,Ring Road,19.080271,72.978018,Clear,Poor,Highway,Dark,Minor,2,0
A00665,2023-12-30,11:00,Morning,City Center,18.905191,72.765304,Rainy,Slippery,Highway,Daylight,Moderate,2,1
A00666,2023-12-31,12:40,Afternoon,Airport Road,19.20821,72.904229,Clear,Dry,Residential Road,Daylight,Severe,2,1
A00667,2023-12-31,12:30,Afternoon,Station Road,18.916402,72.981023,Cloudy,Dry,Residential Road,Daylight,Minor,4,2
A00668,2024-01-01,14:40,Afternoon,Market Road,19.231727,73.09248,Clear,Dry,Expressway,Daylight,Minor,3,2
A00669,2024-01-01,20:10,Evening,Residential Area,19.116399,73.083133,Cloudy,Dry,Residential Road,Dusk,Minor,3,0
A00670,2024-01-02,15:50,Afternoon,College Road,19.111128,72.888496,Rainy,Wet,Residential Road,Daylight,Moderate,2,0
A00671,2024-01-03,21:30,Night,Industrial Area,19.181831,72.965576,Rainy,Slippery,Highway,Dark,Minor,5,2
A00672,2024-01-03,20:20,Evening,Junction Road,19.243824,73.061785,Rainy,Dry,Highway,Dusk,Severe,2,0
A00673,2024-01-04,10:30,Morning,Residential Area,19.277058,73.040866,Rainy,Wet,Intersection,Daylight,Minor,3,1
A00674,2024-01-04,04:20,Night,Main Highway,19.117348,72.917798,Cloudy,Wet,Highway,Dark,Moderate,1,0
A00675,2024-01-05,03:20,Night,Industrial Area,18.960263,72.841434,Cloudy,Dry,Residential Road,Dark,Moderate,2,1
A00676,2024-01-05,02:30,Night,College Road,19.251452,72.797985,Clear,Dry,Highway,Dark,Moderate,3,1
A00677,2024-01-06,18:20,Evening,Junction Road,18.916269,72.920793,Clear,Dry,Residential Road,Dusk,Minor,5,1
A00678,2024-01-06,19:20,Evening,Bridge Road,19.222935,73.002996,Cloudy,Dry,Residential Road,Dusk,Moderate,2,0
A00679,2024-01-07,17:10,Evening,College Road,19.172169,73.089419,Stormy,Slippery,Highway,Daylight,Minor,1,1
A00680,2024-01-07,14:40,Afternoon,Bridge Road,19.261891,73.051635,Clear,Dry,Urban Road,Daylight,Minor,2,0
A00681,2024-01-08,08:40,Morning,Bridge Road,19.258985,72.821484,Cloudy,Dry,Residential Road,Daylight,Moderate,1,0
A00682,2024-01-09,16:50,Afternoon,Industrial Area,18.921262,73.001922,Cloudy,Dry,Urban Road,Daylight,Moderate,2,0
A00683,2024-01-09,13:50,Afternoon,Junction Road,19.143779,72.851185,Cloudy,Dry,Highway,Daylight,Minor,3,0
A00684,2024-01-10,14:10,Afternoon,Airport Road,18.949869,72.989215,Rainy,Wet,Expressway,Daylight,Minor,4,1
A00685,2024-01-10,00:50,Night,Residential Area,18.931387,72.983032,Clear,Dry,Highway,Dark,Severe,1,0
A00686,2024-01-11,20:30,Evening,Main Highway,19.079311,72.845351,Cloudy,Dry,Intersection,Dusk,Severe,2,1
A00687,2024-01-11,21:00,Night,Station Road,18.939039,72.832036,Rainy,Slippery,Urban Road,Dark,Minor,2,1
A00688,2024-01-12,21:00,Night,Junction Road,19.191161,72.786378,Cloudy,Wet,Highway,Dark,Moderate,2,0
A00689,2024-01-12,02:00,Night,College Road,19.287576,72.767689,Clear,Dry,Residential Road,Dark,Moderate,2,0
A00690,2024-01-13,15:10,Afternoon,Residential Area,19.127833,73.050458,Cloudy,Wet,Urban Road,Daylight,Moderate,2,0
A00691,2024-01-13,22:10,Night,Bridge Road,18.994068,72.767447,Rainy,Wet,Urban Road,Dark,Severe,1,0
A00692,2024-01-14,10:20,Morning,Bridge Road,19.237283,72.781059,Clear,Dry,Urban Road,Daylight,Minor,2,0
A00693,2024-01-15,11:00,Morning,College Road,19.241241,72.833598,Rainy,Wet,Urban Road,Daylight,Severe,2,1
A00694,2024-01-15,09:30,Morning,Bridge Road,19.193114,73.06068,Rainy,Wet,Urban Road,Daylight,Moderate,2,1
A00695,2024-01-16,15:50,Afternoon,Market Road,19.146053,72.866529,Cloudy,Dry,Highway,Daylight,Moderate,2,0
A00696,2024-01-16,07:30,Morning,Station Road,19.247117,72.81713,Stormy,Slippery,Urban Road,Daylight,Moderate,4,0
A00697,2024-01-17,05:50,Morning,Residential Area,18.965317,73.000444,Rainy,Wet,Urban Road,Dark,Severe,3,3
A00698,2024-01-17,11:00,Morning,City Center,19.27264,72.861674,Rainy,Slippery,Residential Road,Daylight,Minor,4,1
A00699,2024-01-18,23:00,Night,City Center,19.278881,72.866678,Rainy,Wet,Residential Road,Dark,Minor,2,0
A00700,2024-01-18,20:00,Evening,Industrial Area,19.248797,73.008642,Clear,Dry,Urban Road,Dusk,Minor,2,0
A00701,2024-01-19,07:10,Morning,College Road,19.000265,72.838078,Clear,Dry,Expressway,Daylight,Fatal,2,0
A00702,2024-01-19,03:50,Night,Bridge Road,19.243271,73.063866,Cloudy,Dry,Expressway,Dark,Moderate,1,0
A00703,2024-01-20,07:10,Morning,Industrial Area,19.099055,72.946498,Clear,Dry,Residential Road,Daylight,Moderate,3,0
A00704,2024-01-21,17:10,Evening,Ring Road,19.137972,72.938241,Clear,Dry,Residential Road,Daylight,Minor,2,2
A00705,2024-01-21,04:40,Night,City Center,19.23624,72.842663,Foggy,Dry,Urban Road,Dark,Severe,2,1
A00706,2024-01-22,08:30,Morning,Airport Road,18.911833,73.042283,Rainy,Slippery,Intersection,Daylight,Severe,3,2
A00707,2024-01-22,03:30,Night,Industrial Area,19.045177,72.950462,Cloudy,Dry,Highway,Dark,Moderate,2,1
A00708,2024-01-23,21:20,Night,Airport Road,19.226277,72.804431,Rainy,Slippery,Urban Road,Dark,Minor,5,1
A00709,2024-01-23,16:10,Afternoon,Bridge Road,19.225582,72.822204,Rainy,Slippery,Residential Road,Daylight,Minor,2,0
A00710,2024-01-24,08:50,Morning,Ring Road,19.239475,72.91389,Clear,Wet,Highway,Daylight,Moderate,3,0
A00711,2024-01-24,00:40,Night,Bridge Road,18.967686,73.022875,Clear,Dry,Highway,Dark,Moderate,2,1
A00712,2024-01-25,20:40,Evening,Junction Road,19.182355,73.078753,Cloudy,Dry,Residential Road,Dusk,Minor,5,5
A00713,2024-01-26,19:30,Evening,Ring Road,18.958601,72.982225,Rainy,Dry,Residential Road,Dusk,Moderate,2,0
A00714,2024-01-26,12:10,Afternoon,Ring Road,19.214039,72.92715,Clear,Dry,Expressway,Daylight,Minor,3,2
A00715,2024-01-27,15:20,Afternoon,Ring Road,18.99805,72.837756,Cloudy,Dry,Expressway,Daylight,Moderate,2,1
A00716,2024-01-27,12:10,Afternoon,Market Road,19.195127,72.985504,Clear,Dry,Highway,Daylight,Moderate,3,0
A00717,2024-01-28,13:00,Afternoon,Junction Road,19.082001,73.093784,Rainy,Wet,Highway,Daylight,Minor,2,0
A00718,2024-01-28,02:10,Night,Expressway,19.294505,72.916678,Rainy,Wet,Residential Road,Dark,Moderate,2,0
A00719,2024-01-29,05:00,Morning,Ring Road,19.131958,72.80675,Rainy,Slippery,Urban Road,Dark,Minor,4,4
A00720,2024-01-29,17:00,Evening,Market Road,19.153032,72.786169,Stormy,Wet,Residential Road,Daylight,Minor,5,0
A00721,2024-01-30,18:20,Evening,Bridge Road,19.047265,72.84424,Rainy,Wet,Highway,Dusk,Severe,2,2
A00722,2024-01-30,04:50,Night,Market Road,19.193808,72.949305,Foggy,Dry,Urban Road,Dark,Minor,4,3
A00723,2024-01-31,14:30,Afternoon,Residential Area,19.097954,73.081382,Foggy,Dry,Urban Road,Daylight,Minor,1,0
A00724,2024-02-01,01:10,Night,Airport Road,18.907227,72.854708,Rainy,Slippery,Residential Road,Dark,Minor,4,2
A00725,2024-02-01,09:00,Morning,Ring Road,19.143433,72.856887,Rainy,Slippery,Urban Road,Daylight,Minor,3,2
A00726,2024-02-02,23:10,Night,Main Highway,19.232184,72.918413,Clear,Dry,Urban Road,Dark,Minor,2,0
A00727,2024-02-02,17:50,Evening,Station Road,18.994721,73.07149,Cloudy,Wet,Urban Road,Daylight,Minor,4,1
A00728,2024-02-03,12:30,Afternoon,Industrial Area,18.988426,72.896669,Cloudy,Dry,Highway,Daylight,Moderate,4,1
A00729,2024-02-03,04:50,Night,Bridge Road,19.143554,72.82813,Clear,Dry,Highway,Dark,Minor,2,1
A00730,2024-02-04,22:30,Night,College Road,19.227192,72.807096,Clear,Dry,Urban Road,Dark,Moderate,3,0
A00731,2024-02-04,23:40,Night,Airport Road,18.999848,72.909955,Stormy,Wet,Urban Road,Dark,Minor,1,0
A00732,2024-02-05,00:30,Night,Airport Road,19.272905,73.030237,Foggy,Wet,Urban Road,Dark,Minor,3,0
A00733,2024-02-05,21:20,Night,College Road,19.270955,72.851973,Rainy,Wet,Urban Road,Dark,Minor,3,0
A00734,2024-02-06,00:50,Night,Industrial Area,18.980215,72.929383,Clear,Wet,Residential Road,Dark,Severe,1,2
A00735,2024-02-07,17:00,Evening,Airport Road,19.005514,72.961053,Clear,Dry,Intersection,Daylight,Moderate,3,1
A00736,2024-02-07,14:40,Afternoon,Market Road,19.18024,72.907665,Clear,Dry,Urban Road,Daylight,Severe,3,1
A00737,2024-02-08,16:20,Afternoon,Residential Area,19.280693,72.817092,Clear,Dry,Highway,Daylight,Minor,3,1
A00738,2024-02-08,10:10,Morning,City Center,19.183953,73.072611,Clear,Poor,Highway,Daylight,Severe,2,1
A00739,2024-02-09,20:50,Evening,Market Road,19.07796,72.947907,Clear,Dry,Residential Road,Dusk,Minor,2,2
A00740,2024-02-09,21:00,Night,Ring Road,18.967601,73.005197,Foggy,Wet,Urban Road,Dark,Minor,3,0
A00741,2024-02-10,16:30,Afternoon,Airport Road,19.084404,72.972615,Rainy,Slippery,Highway,Daylight,Moderate,2,1
A00742,2024-02-10,12:00,Afternoon,Market Road,19.142707,73.099317,Clear,Dry,Residential Road,Daylight,Minor,2,1
A00743,2024-02-11,00:10,Night,City Center,19.032381,72.909709,Clear,Dry,Highway,Dark,Fatal,3,5
A00744,2024-02-11,01:40,Night,Residential Area,19.104103,72.89874,Cloudy,Dry,Residential Road,Dark,Minor,1,0
A00745,2024-02-12,08:40,Morning,Bridge Road,18.952086,72.876049,Clear,Dry,Urban Road,Daylight,Fatal,3,3
A00746,2024-02-13,02:50,Night,Residential Area,19.080875,72.87657,Foggy,Dry,Expressway,Dark,Moderate,3,1
A00747,2024-02-13,00:40,Night,Main Highway,18.93631,72.84652,Clear,Dry,Highway,Dark,Moderate,3,0
A00748,2024-02-14,20:50,Evening,Market Road,18.919635,73.093221,Clear,Dry,Intersection,Dusk,Minor,2,1
A00749,2024-02-14,15:50,Afternoon,College Road,19.242896,73.054774,Clear,Wet,Residential Road,Daylight,Minor,2,0
A00750,2024-02-15,22:50,Night,Ring Road,18.982033,72.860836,Clear,Dry,Highway,Dark,Severe,2,3
A00751,2024-02-15,05:30,Morning,Residential Area,19.130062,72.85683,Cloudy,Dry,Highway,Dark,Minor,3,2
A00752,2024-02-16,16:20,Afternoon,Industrial Area,18.959593,72.786237,Rainy,Wet,Urban Road,Daylight,Moderate,2,0
A00753,2024-02-16,04:50,Night,Market Road,19.005011,73.056961,Rainy,Wet,Expressway,Dark,Fatal,5,2
A00754,2024-02-17,04:50,Night,Bridge Road,19.044536,72.880118,Clear,Poor,Expressway,Dark,Minor,3,1
A00755,2024-02-18,05:20,Morning,Ring Road,18.957471,72.950415,Cloudy,Dry,Urban Road,Dark,Moderate,4,2
A00756,2024-02-18,02:00,Night,College Road,18.918385,73.065132,Cloudy,Dry,Intersection,Dark,Moderate,2,1
A00757,2024-02-19,20:50,Evening,Junction Road,19.250864,72.892835,Rainy,Slippery,Highway,Dusk,Minor,2,0
A00758,2024-02-19,22:30,Night,College Road,18.904733,73.032404,Clear,Wet,Highway,Dark,Minor,4,1
A00759,2024-02-20,04:40,Night,Station Road,18.924528,72.9006,Clear,Dry,Intersection,Dark,Moderate,1,1
A00760,2024-02-20,20:40,Evening,Bridge Road,19.222029,72.995329,Cloudy,Dry,Expressway,Dusk,Minor,2,0
A00761,2024-02-21,04:10,Night,Main Highway,19.012803,72.900915,Cloudy,Poor,Urban Road,Dark,Moderate,2,1
A00762,2024-02-21,09:10,Morning,Expressway,19.189128,72.887466,Cloudy,Dry,Expressway,Daylight,Minor,5,1
A00763,2024-02-22,09:40,Morning,Industrial Area,18.95849,73.096748,Clear,Dry,Intersection,Daylight,Fatal,3,2
A00764,2024-02-22,18:40,Evening,Residential Area,18.994913,72.964322,Cloudy,Dry,Expressway,Dusk,Minor,2,0
A00765,2024-02-23,16:30,Afternoon,Residential Area,19.129111,72.878587,Rainy,Wet,Expressway,Daylight,Moderate,3,0
A00766,2024-02-24,20:20,Evening,Main Highway,19.295454,72.840237,Cloudy,Dry,Expressway,Dusk,Moderate,2,0
A00767,2024-02-24,13:10,Afternoon,Market Road,18.929378,72.763918,Foggy,Dry,Highway,Daylight,Minor,3,3
A00768,2024-02-25,08:20,Morning,City Center,19.060222,72.997298,Cloudy,Wet,Expressway,Daylight,Minor,2,1
A00769,2024-02-25,13:30,Afternoon,Junction Road,18.917232,72.880255,Foggy,Wet,Highway,Daylight,Severe,3,2
A00770,2024-02-26,00:40,Night,College Road,18.979691,73.037439,Rainy,Slippery,Intersection,Dark,Severe,2,1
A00771,2024-02-26,18:50,Evening,Residential Area,19.262988,72.877354,Clear,Dry,Urban Road,Dusk,Minor,2,0
A00772,2024-02-27,12:20,Afternoon,Market Road,18.938584,72.880665,Rainy,Slippery,Residential Road,Daylight,Moderate,2,1
A00773,2024-02-27,12:40,Afternoon,Expressway,19.242742,73.022713,Clear,Dry,Urban Road,Daylight,Minor,2,1
A00774,2024-02-28,03:40,Night,Station Road,18.971121,72.921313,Foggy,Wet,Highway,Dark,Minor,3,3
A00775,2024-02-28,00:00,Night,Main Highway,19.244714,73.059713,Cloudy,Dry,Urban Road,Dark,Moderate,2,0
A00776,2024-02-29,16:20,Afternoon,Main Highway,19.115209,72.956548,Clear,Dry,Intersection,Daylight,Severe,2,1
A00777,2024-03-01,07:50,Morning,Airport Road,19.251283,72.834226,Cloudy,Wet,Intersection,Daylight,Minor,2,0
A00778,2024-03-01,01:20,Night,Main Highway,18.960681,72.948895,Stormy,Slippery,Urban Road,Dark,Fatal,2,1
A00779,2024-03-02,07:40,Morning,Industrial Area,19.204815,72.751401,Clear,Dry,Intersection,Daylight,Minor,2,2
A00780,2024-03-02,06:50,Morning,Airport Road,19.172279,72.859339,Cloudy,Dry,Expressway,Daylight,Moderate,2,0
A00781,2024-03-03,01:30,Night,Main Highway,19.117173,72.822783,Rainy,Wet,Residential Road,Dark,Moderate,2,0
A00782,2024-03-03,21:00,Night,Ring Road,19.224235,72.978966,Rainy,Slippery,Highway,Dark,Moderate,2,0
A00783,2024-03-04,21:40,Night,Industrial Area,19.15931,72.797614,Clear,Dry,Intersection,Dark,Moderate,2,0
A00784,2024-03-04,02:10,Night,Ring Road,19.250819,72.851534,Clear,Dry,Residential Road,Dark,Minor,4,3
A00785,2024-03-05,17:10,Evening,Ring Road,19.052425,72.865958,Clear,Dry,Intersection,Daylight,Moderate,3,3
A00786,2024-03-06,11:00,Morning,Airport Road,19.135969,72.751153,Cloudy,Dry,Expressway,Daylight,Moderate,2,1
A00787,2024-03-06,00:30,Night,College Road,19.24824,72.766368,Cloudy,Dry,Expressway,Dark,Minor,3,0
A00788,2024-03-07,21:40,Night,Main Highway,18.985926,72.858894,Foggy,Wet,Residential Road,Dark,Severe,4,3
A00789,2024-03-07,11:20,Morning,Residential Area,19.094297,72.827825,Clear,Dry,Urban Road,Daylight,Minor,2,0
A00790,2024-03-08,04:00,Night,Market Road,19.284297,72.790917,Rainy,Wet,Urban Road,Dark,Moderate,3,2
A00791,2024-03-08,16:30,Afternoon,Bridge Road,19.089441,72.803957,Clear,Dry,Urban Road,Daylight,Minor,2,2
A00792,2024-03-09,15:20,Afternoon,Bridge Road,19.001132,73.042438,Clear,Dry,Highway,Daylight,Minor,3,1
A00793,2024-03-09,14:10,Afternoon,Airport Road,19.04043,72.989162,Cloudy,Poor,Residential Road,Daylight,Minor,2,1
A00794,2024-03-10,22:10,Night,Industrial Area,19.254034,72.919441,Cloudy,Dry,Residential Road,Dark,Moderate,2,1
A00795,2024-03-10,14:20,Afternoon,Ring Road,19.281953,73.068106,Rainy,Wet,Intersection,Daylight,Moderate,2,0
A00796,2024-03-11,04:00,Night,College Road,19.280043,72.760343,Foggy,Wet,Highway,Dark,Minor,5,4
A00797,2024-03-12,20:10,Evening,Industrial Area,19.179577,72.870727,Cloudy,Wet,Urban Road,Dusk,Minor,3,2
A00798,2024-03-12,13:40,Afternoon,Expressway,19.103841,73.038184,Stormy,Wet,Highway,Daylight,Minor,2,3
A00799,2024-03-13,01:50,Night,Airport Road,18.973076,72.969901,Foggy,Wet,Highway,Dark,Moderate,2,1
A00800,2024-03-13,10:20,Morning,City Center,18.949288,73.093591,Cloudy,Wet,Highway,Daylight,Moderate,2,0
A00801,2024-03-14,18:20,Evening,Market Road,18.923907,73.08058,Rainy,Slippery,Residential Road,Dusk,Minor,2,2
A00802,2024-03-14,06:10,Morning,Expressway,18.907086,72.80948,Cloudy,Poor,Highway,Daylight,Minor,1,1
A00803,2024-03-15,05:00,Morning,College Road,19.251247,73.090195,Clear,Poor,Residential Road,Dark,Moderate,2,0
A00804,2024-03-15,01:40,Night,Expressway,19.223635,73.080937,Rainy,Slippery,Highway,Dark,Minor,4,1
A00805,2024-03-16,05:00,Morning,Junction Road,19.127129,72.880764,Clear,Dry,Intersection,Dark,Minor,3,1
A00806,2024-03-16,17:30,Evening,Industrial Area,19.299489,73.094008,Cloudy,Dry,Expressway,Daylight,Minor,2,0
A00807,2024-03-17,01:30,Night,Junction Road,19.281221,72.762545,Rainy,Wet,Intersection,Dark,Moderate,2,0
A00808,2024-03-18,17:50,Evening,Bridge Road,19.162044,72.981263,Clear,Dry,Intersection,Daylight,Moderate,4,4
A00809,2024-03-18,14:10,Afternoon,College Road,19.08583,72.843152,Clear,Dry,Intersection,Daylight,Moderate,3,0
A00810,2024-03-19,18:10,Evening,Ring Road,18.960868,72.795312,Foggy,Dry,Intersection,Dusk,Minor,3,2
A00811,2024-03-19,01:10,Night,Residential Area,19.106238,72.952137,Cloudy,Dry,Residential Road,Dark,Moderate,5,2
A00812,2024-03-20,19:50,Evening,Main Highway,18.963097,72.857223,Clear,Dry,Highway,Dusk,Minor,3,0
A00813,2024-03-20,05:30,Morning,Residential Area,19.059381,72.983389,Rainy,Wet,Urban Road,Dark,Severe,2,2
A00814,2024-03-21,00:00,Night,Airport Road,19.277059,72.938993,Cloudy,Dry,Highway,Dark,Moderate,2,1
A00815,2024-03-21,23:50,Night,Expressway,19.036792,72.887406,Cloudy,Dry,Residential Road,Dark,Moderate,5,1
A00816,2024-03-22,14:50,Afternoon,City Center,18.961115,72.813638,Stormy,Slippery,Urban Road,Daylight,Minor,2,1
A00817,2024-03-22,22:00,Night,Station Road,19.132959,72.960438,Rainy,Wet,Intersection,Dark,Minor,2,0
A00818,2024-03-23,09:10,Morning,City Center,19.140946,73.040231,Clear,Dry,Intersection,Daylight,Moderate,2,0
A00819,2024-03-24,18:40,Evening,Ring Road,18.977522,72.960002,Rainy,Slippery,Urban Road,Dusk,Moderate,3,3
A00820,2024-03-24,16:00,Afternoon,City Center,18.978635,72.963683,Foggy,Dry,Urban Road,Daylight,Minor,5,4
A00821,2024-03-25,04:30,Night,Market Road,19.29582,72.929143,Clear,Dry,Intersection,Dark,Fatal,2,1
A00822,2024-03-25,03:20,Night,Station Road,18.997312,72.885884,Clear,Dry,Urban Road,Dark,Fatal,2,0
A00823,2024-03-26,09:20,Morning,Expressway,19.235277,72.91011,Clear,Dry,Expressway,Daylight,Moderate,4,2
A00824,2024-03-26,23:50,Night,Airport Road,19.08813,73.09634,Rainy,Dry,Highway,Dark,Fatal,2,2
A00825,2024-03-27,16:20,Afternoon,Main Highway,19.073996,73.012384,Cloudy,Dry,Residential Road,Daylight,Minor,2,1
A00826,2024-03-27,09:40,Morning,Industrial Area,19.017985,72.900696,Cloudy,Dry,Urban Road,Daylight,Minor,4,1
A00827,2024-03-28,16:10,Afternoon,Residential Area,19.20953,72.910054,Foggy,Wet,Intersection,Daylight,Minor,2,0
A00828,2024-03-29,19:30,Evening,Expressway,19.252264,72.924871,Rainy,Wet,Residential Road,Dusk,Moderate,2,0
A00829,2024-03-29,23:40,Night,Market Road,19.004451,72.98076,Clear,Dry,Highway,Dark,Minor,3,1
A00830,2024-03-30,04:30,Night,Main Highway,18.938039,72.913085,Clear,Dry,Highway,Dark,Fatal,1,1
A00831,2024-03-30,01:30,Night,Market Road,18.954768,72.990163,Clear,Dry,Urban Road,Dark,Minor,4,2
A00832,2024-03-31,05:10,Morning,Ring Road,19.217121,72.865216,Clear,Dry,Intersection,Dark,Minor,2,1
A00833,2024-03-31,20:50,Evening,City Center,19.074331,72.893724,Cloudy,Dry,Expressway,Dusk,Severe,2,3
A00834,2024-04-01,01:20,Night,Main Highway,18.952766,73.052419,Foggy,Dry,Urban Road,Dark,Minor,2,0
A00835,2024-04-01,12:10,Afternoon,College Road,19.036115,72.865117,Clear,Dry,Urban Road,Daylight,Minor,2,0
A00836,2024-04-02,10:40,Morning,College Road,19.105694,73.087553,Cloudy,Wet,Urban Road,Daylight,Moderate,3,1
A00837,2024-04-02,10:50,Morning,Residential Area,19.240821,72.810377,Rainy,Wet,Expressway,Daylight,Minor,3,0
A00838,2024-04-03,15:40,Afternoon,City Center,19.156697,72.834588,Clear,Dry,Expressway,Daylight,Minor,4,1
A00839,2024-04-04,10:50,Morning,Main Highway,18.970413,72.912288,Clear,Dry,Urban Road,Daylight,Minor,2,0
A00840,2024-04-04,18:40,Evening,Residential Area,18.963481,73.029093,Cloudy,Dry,Residential Road,Dusk,Moderate,3,1
A00841,2024-04-05,14:10,Afternoon,Bridge Road,19.064934,73.006051,Clear,Dry,Residential Road,Daylight,Fatal,2,1
A00842,2024-04-05,22:50,Night,Industrial Area,18.930077,72.811063,Foggy,Dry,Intersection,Dark,Severe,3,1
A00843,2024-04-06,22:50,Night,Ring Road,19.202231,72.83284,Clear,Wet,Intersection,Dark,Minor,3,0
A00844,2024-04-06,15:30,Afternoon,Residential Area,19.060582,72.951342,Clear,Dry,Expressway,Daylight,Minor,2,0
A00845,2024-04-07,10:30,Morning,Expressway,19.03721,72.853308,Cloudy,Wet,Residential Road,Daylight,Moderate,2,0
A00846,2024-04-07,21:00,Night,Bridge Road,19.103643,72.897814,Stormy,Wet,Urban Road,Dark,Fatal,2,3
A00847,2024-04-08,15:40,Afternoon,Junction Road,19.183583,72.920308,Clear,Wet,Expressway,Daylight,Minor,2,1
A00848,2024-04-08,07:30,Morning,Junction Road,19.127739,72.957986,Clear,Dry,Urban Road,Daylight,Minor,5,4
A00849,2024-04-09,03:00,Night,City Center,19.220961,72.837868,Clear,Dry,Urban Road,Dark,Moderate,2,0
A00850,2024-04-10,07:30,Morning,Industrial Area,19.151745,72.807099,Clear,Dry,Urban Road,Daylight,Fatal,1,2
A00851,2024-04-10,03:40,Night,Junction Road,19.215188,72.889497,Clear,Dry,Expressway,Dark,Minor,2,1
A00852,2024-04-11,23:50,Night,Ring Road,19.178713,72.778709,Cloudy,Poor,Highway,Dark,Minor,3,1
A00853,2024-04-11,02:20,Night,Station Road,18.977249,72.934368,Clear,Dry,Urban Road,Dark,Minor,2,1
A00854,2024-04-12,02:40,Night,Market Road,18.920942,73.043862,Clear,Dry,Urban Road,Dark,Minor,2,1
A00855,2024-04-12,17:10,Evening,Station Road,19.261359,72.791641,Rainy,Wet,Highway,Daylight,Moderate,2,0
A00856,2024-04-13,18:30,Evening,City Center,19.278262,72.789456,Clear,Dry,Highway,Dusk,Moderate,3,5
A00857,2024-04-13,18:30,Evening,Market Road,19.190773,72.778076,Clear,Dry,Expressway,Dusk,Moderate,2,0
A00858,2024-04-14,20:50,Evening,Residential Area,19.189682,73.046751,Clear,Dry,Expressway,Dusk,Minor,3,2
A00859,2024-04-14,04:10,Night,Expressway,19.008059,72.778247,Stormy,Wet,Urban Road,Dark,Minor,2,1
A00860,2024-04-15,17:50,Evening,Junction Road,19.116977,73.094212,Clear,Poor,Intersection,Daylight,Minor,2,1
A00861,2024-04-16,09:10,Morning,Bridge Road,19.296896,72.875416,Foggy,Dry,Expressway,Daylight,Minor,2,1
A00862,2024-04-16,21:20,Night,Bridge Road,19.242457,72.865067,Rainy,Wet,Urban Road,Dark,Severe,1,2
A00863,2024-04-17,20:30,Evening,Station Road,19.021758,72.782071,Clear,Dry,Expressway,Dusk,Minor,2,0
A00864,2024-04-17,05:30,Morning,Main Highway,19.020418,72.954974,Stormy,Wet,Intersection,Dark,Minor,2,0
A00865,2024-04-18,00:20,Night,Industrial Area,19.093431,72.955059,Clear,Dry,Urban Road,Dark,Minor,3,4
A00866,2024-04-18,04:00,Night,Main Highway,19.061839,72.922832,Clear,Dry,Highway,Dark,Minor,1,0
A00867,2024-04-19,08:50,Morning,Main Highway,19.048461,72.858857,Rainy,Wet,Intersection,Daylight,Moderate,2,0
A00868,2024-04-19,11:20,Morning,Junction Road,19.150789,72.879003,Rainy,Wet,Residential Road,Daylight,Severe,4,1
A00869,2024-04-20,13:50,Afternoon,Residential Area,18.904597,72.862176,Cloudy,Wet,Highway,Daylight,Minor,2,0
A00870,2024-04-21,01:40,Night,Airport Road,19.205336,72.899151,Clear,Dry,Residential Road,Dark,Moderate,3,1
A00871,2024-04-21,16:30,Afternoon,Main Highway,19.196021,72.869626,Cloudy,Dry,Urban Road,Daylight,Minor,4,4
A00872,2024-04-22,13:50,Afternoon,Expressway,19.23213,72.986431,Rainy,Slippery,Intersection,Daylight,Minor,2,0
A00873,2024-04-22,12:10,Afternoon,Airport Road,19.23658,72.853525,Clear,Poor,Urban Road,Daylight,Severe,3,0
A00874,2024-04-23,08:50,Morning,Residential Area,19.12656,72.872793,Clear,Dry,Urban Road,Daylight,Minor,2,0
A00875,2024-04-23,14:40,Afternoon,Industrial Area,19.21203,72.902411,Clear,Dry,Residential Road,Daylight,Moderate,2,0
A00876,2024-04-24,21:30,Night,Bridge Road,19.096958,72.751387,Clear,Dry,Urban Road,Dark,Minor,2,3
A00877,2024-04-24,14:20,Afternoon,Residential Area,19.280612,72.922229,Foggy,Poor,Highway,Daylight,Moderate,2,1
A00878,2024-04-25,23:40,Night,Station Road,18.976279,72.839537,Clear,Wet,Residential Road,Dark,Severe,2,1
A00879,2024-04-25,10:30,Morning,Ring Road,19.266247,72.769653,Stormy,Wet,Expressway,Daylight,Severe,2,0
A00880,2024-04-26,15:50,Afternoon,Expressway,19.003412,73.068857,Clear,Dry,Highway,Daylight,Severe,2,2
A00881,2024-04-27,16:00,Afternoon,Junction Road,18.941089,72.862847,Rainy,Wet,Residential Road,Daylight,Moderate,2,0
A00882,2024-04-27,03:00,Night,City Center,19.075642,72.89913,Clear,Wet,Urban Road,Dark,Minor,1,2
A00883,2024-04-28,00:10,Night,Airport Road,19.145967,73.03957,Clear,Dry,Urban Road,Dark,Moderate,1,1
A00884,2024-04-28,07:30,Morning,Market Road,18.992396,72.808376,Clear,Dry,Urban Road,Daylight,Moderate,2,0
A00885,2024-04-29,16:00,Afternoon,City Center,19.122318,73.047608,Clear,Poor,Urban Road,Daylight,Minor,2,0
A00886,2024-04-29,02:20,Night,Junction Road,19.223157,72.834573,Cloudy,Dry,Expressway,Dark,Moderate,3,1
A00887,2024-04-30,19:30,Evening,Main Highway,19.002834,72.956163,Stormy,Wet,Urban Road,Dusk,Severe,2,3
A00888,2024-04-30,14:20,Afternoon,Industrial Area,19.132129,72.989987,Cloudy,Dry,Expressway,Daylight,Moderate,4,1
A00889,2024-05-01,14:20,Afternoon,Station Road,19.035725,73.066755,Clear,Dry,Highway,Daylight,Minor,3,2
A00890,2024-05-01,23:00,Night,Market Road,19.111907,72.962673,Clear,Dry,Intersection,Dark,Severe,2,1
A00891,2024-05-02,21:30,Night,Residential Area,19.166768,72.908631,Clear,Dry,Residential Road,Dark,Minor,3,1
A00892,2024-05-03,13:50,Afternoon,Bridge Road,19.040169,72.950294,Cloudy,Dry,Residential Road,Daylight,Minor,2,2
A00893,2024-05-03,22:40,Night,Residential Area,19.297793,72.820729,Rainy,Slippery,Urban Road,Dark,Moderate,1,0
A00894,2024-05-04,13:00,Afternoon,Residential Area,19.12551,72.991176,Foggy,Dry,Urban Road,Daylight,Minor,4,2
A00895,2024-05-04,23:00,Night,Expressway,19.229785,72.815408,Clear,Dry,Highway,Dark,Moderate,2,2
A00896,2024-05-05,01:50,Night,Ring Road,19.190054,72.945037,Cloudy,Dry,Intersection,Dark,Minor,4,5
A00897,2024-05-05,12:30,Afternoon,Station Road,19.241122,72.976661,Cloudy,Dry,Urban Road,Daylight,Minor,2,0
A00898,2024-05-06,13:30,Afternoon,Station Road,18.96952,73.064504,Cloudy,Dry,Residential Road,Daylight,Minor,2,1
A00899,2024-05-06,23:20,Night,Main Highway,18.989021,72.907566,Cloudy,Dry,Expressway,Dark,Fatal,2,2
A00900,2024-05-07,18:50,Evening,Main Highway,19.094964,73.021367,Rainy,Wet,Urban Road,Dusk,Minor,2,1
A00901,2024-05-07,06:50,Morning,City Center,19.240931,72.808636,Cloudy,Dry,Residential Road,Daylight,Minor,1,0
A00902,2024-05-08,02:30,Night,Station Road,18.979043,72.804669,Clear,Dry,Residential Road,Dark,Minor,2,0
A00903,2024-05-09,14:20,Afternoon,Bridge Road,19.288426,72.933679,Rainy,Wet,Residential Road,Daylight,Minor,3,0
A00904,2024-05-09,22:00,Night,Main Highway,18.951041,72.958719,Clear,Wet,Urban Road,Dark,Moderate,2,1
A00905,2024-05-10,13:10,Afternoon,Industrial Area,18.970031,72.971319,Rainy,Slippery,Urban Road,Daylight,Minor,2,0
A00906,2024-05-10,10:40,Morning,Ring Road,18.966894,73.010986,Clear,Dry,Highway,Daylight,Moderate,2,0
A00907,2024-05-11,14:00,Afternoon,City Center,19.134402,72.853226,Cloudy,Wet,Expressway,Daylight,Moderate,4,3
A00908,2024-05-11,12:30,Afternoon,Market Road,19.267016,72.967913,Foggy,Poor,Residential Road,Daylight,Moderate,2,0
A00909,2024-05-12,17:40,Evening,Expressway,19.002045,72.815849,Foggy,Dry,Urban Road,Daylight,Moderate,2,0
A00910,2024-05-12,05:10,Morning,Airport Road,19.121215,72.826649,Rainy,Wet,Intersection,Dark,Moderate,5,0
A00911,2024-05-13,02:10,Night,Expressway,18.970309,72.773558,Cloudy,Poor,Highway,Dark,Minor,2,0
A00912,2024-05-14,18:20,Evening,Bridge Road,19.152455,73.01145,Rainy,Wet,Intersection,Dusk,Moderate,2,0
A00913,2024-05-14,14:40,Afternoon,Market Road,18.949299,72.927448,Cloudy,Poor,Intersection,Daylight,Moderate,3,0
A00914,2024-05-15,22:20,Night,Industrial Area,19.096524,72.833365,Rainy,Dry,Intersection,Dark,Minor,3,0
A00915,2024-05-15,04:00,Night,Ring Road,19.162073,72.944683,Clear,Dry,Expressway,Dark,Severe,2,0
A00916,2024-05-16,09:50,Morning,Ring Road,19.131651,72.873984,Stormy,Slippery,Urban Road,Daylight,Minor,2,3
A00917,2024-05-16,06:50,Morning,Bridge Road,18.956,73.043023,Foggy,Dry,Highway,Daylight,Minor,3,2
A00918,2024-05-17,16:50,Afternoon,Residential Area,18.964549,72.934852,Rainy,Slippery,Expressway,Daylight,Minor,2,2
A00919,2024-05-17,06:40,Morning,College Road,19.168556,72.760434,Clear,Dry,Urban Road,Daylight,Severe,4,3
A00920,2024-05-18,21:50,Night,Ring Road,19.223564,73.094783,Clear,Dry,Highway,Dark,Moderate,2,0
A00921,2024-05-18,11:00,Morning,Station Road,19.26323,72.776004,Rainy,Wet,Expressway,Daylight,Severe,2,1
A00922,2024-05-19,16:20,Afternoon,Expressway,19.225445,72.993585,Clear,Dry,Urban Road,Daylight,Minor,1,0
A00923,2024-05-20,12:40,Afternoon,College Road,19.28957,72.90304,Rainy,Wet,Intersection,Daylight,Moderate,3,0
A00924,2024-05-20,19:20,Evening,Junction Road,19.063301,72.837261,Cloudy,Dry,Expressway,Dusk,Minor,4,1
A00925,2024-05-21,03:40,Night,Station Road,19.032466,72.98676,Clear,Dry,Expressway,Dark,Severe,3,1
A00926,2024-05-21,09:20,Morning,Residential Area,18.911274,72.794064,Foggy,Dry,Expressway,Daylight,Minor,4,1
A00927,2024-05-22,02:10,Night,Residential Area,19.079958,73.050386,Cloudy,Poor,Intersection,Dark,Minor,2,2
A00928,2024-05-22,08:20,Morning,Residential Area,19.160549,72.837714,Cloudy,Poor,Expressway,Daylight,Minor,1,0
A00929,2024-05-23,12:50,Afternoon,Main Highway,19.226163,72.876509,Cloudy,Dry,Residential Road,Daylight,Severe,4,2
A00930,2024-05-23,17:10,Evening,Airport Road,19.006982,72.971425,Clear,Wet,Urban Road,Daylight,Moderate,4,1
A00931,2024-05-24,14:20,Afternoon,Residential Area,19.105437,72.75036,Rainy,Slippery,Intersection,Daylight,Minor,4,1
A00932,2024-05-24,03:40,Night,Station Road,19.164804,72.915462,Clear,Dry,Expressway,Dark,Moderate,3,1
A00933,2024-05-25,14:40,Afternoon,Station Road,19.120641,73.062987,Foggy,Dry,Urban Road,Daylight,Fatal,2,2
A00934,2024-05-26,21:40,Night,City Center,19.009608,72.988145,Foggy,Wet,Highway,Dark,Severe,2,1
A00935,2024-05-26,01:30,Night,Expressway,19.218513,72.885765,Clear,Poor,Residential Road,Dark,Moderate,4,0
A00936,2024-05-27,14:00,Afternoon,Airport Road,18.969344,72.981149,Rainy,Wet,Highway,Daylight,Minor,2,1
A00937,2024-05-27,07:40,Morning,Junction Road,19.261992,73.077799,Cloudy,Dry,Intersection,Daylight,Minor,2,1
A00938,2024-05-28,07:10,Morning,Expressway,19.281039,72.815732,Clear,Dry,Intersection,Daylight,Severe,3,1
A00939,2024-05-28,16:40,Afternoon,Bridge Road,19.046229,72.936133,Stormy,Wet,Highway,Daylight,Moderate,2,1
A00940,2024-05-29,11:30,Morning,Bridge Road,19.050473,72.832158,Clear,Dry,Residential Road,Daylight,Minor,3,1
A00941,2024-05-29,18:50,Evening,Airport Road,19.197311,73.048979,Clear,Dry,Highway,Dusk,Moderate,1,1
A00942,2024-05-30,09:10,Morning,Market Road,19.082515,73.002368,Cloudy,Dry,Residential Road,Daylight,Severe,3,2
A00943,2024-05-31,08:30,Morning,Main Highway,18.911444,73.030377,Cloudy,Dry,Urban Road,Daylight,Minor,3,0
A00944,2024-05-31,04:50,Night,College Road,19.267951,73.080054,Cloudy,Dry,Residential Road,Dark,Moderate,2,0
A00945,2024-06-01,05:10,Morning,Bridge Road,19.0723,72.831308,Rainy,Wet,Urban Road,Dark,Severe,2,5
A00946,2024-06-01,19:20,Evening,Residential Area,18.981398,72.767052,Cloudy,Dry,Highway,Dusk,Moderate,2,0
A00947,2024-06-02,01:00,Night,Junction Road,19.122266,72.851816,Cloudy,Dry,Urban Road,Dark,Minor,2,1
A00948,2024-06-02,23:00,Night,Junction Road,18.987562,72.889699,Clear,Dry,Highway,Dark,Fatal,2,3
A00949,2024-06-03,12:30,Afternoon,Bridge Road,18.982409,72.968806,Clear,Dry,Residential Road,Daylight,Fatal,3,0
A00950,2024-06-03,05:50,Morning,Residential Area,19.118293,73.029197,Clear,Dry,Highway,Dark,Severe,2,2
A00951,2024-06-04,04:00,Night,Expressway,19.056417,72.872431,Clear,Dry,Urban Road,Dark,Moderate,1,0
A00952,2024-06-04,00:50,Night,Station Road,19.129197,72.915724,Cloudy,Wet,Intersection,Dark,Minor,2,1
A00953,2024-06-05,20:50,Evening,Junction Road,19.29873,73.024914,Clear,Dry,Expressway,Dusk,Severe,3,2
A00954,2024-06-06,21:30,Night,Residential Area,19.243607,72.828865,Clear,Dry,Intersection,Dark,Minor,1,0
A00955,2024-06-06,20:30,Evening,Residential Area,18.903068,72.825996,Clear,Poor,Intersection,Dusk,Severe,4,4
A00956,2024-06-07,05:30,Morning,Main Highway,18.920222,72.956232,Foggy,Dry,Highway,Dark,Severe,3,1
A00957,2024-06-07,05:00,Morning,City Center,19.144032,72.90262,Foggy,Wet,Highway,Dark,Moderate,3,1
A00958,2024-06-08,22:30,Night,Residential Area,19.150502,73.082114,Cloudy,Dry,Residential Road,Dark,Severe,4,2
A00959,2024-06-08,15:00,Afternoon,College Road,19.251276,72.874961,Foggy,Wet,Intersection,Daylight,Severe,2,1
A00960,2024-06-09,03:30,Night,Market Road,19.151623,73.015844,Rainy,Wet,Intersection,Dark,Minor,3,1
A00961,2024-06-09,10:40,Morning,Junction Road,18.991086,72.954082,Cloudy,Poor,Highway,Daylight,Moderate,2,2
A00962,2024-06-10,23:50,Night,Main Highway,19.087406,72.769102,Clear,Dry,Urban Road,Dark,Minor,4,0
A00963,2024-06-10,22:30,Night,Expressway,19.223594,72.779535,Rainy,Wet,Highway,Dark,Moderate,4,3
A00964,2024-06-11,08:10,Morning,Junction Road,19.26913,72.821105,Rainy,Dry,Expressway,Daylight,Minor,1,0
A00965,2024-06-12,22:50,Night,City Center,18.994766,72.800103,Cloudy,Poor,Residential Road,Dark,Minor,2,2
A00966,2024-06-12,02:50,Night,Market Road,19.115842,72.86528,Rainy,Wet,Highway,Dark,Severe,2,1
A00967,2024-06-13,18:30,Evening,Junction Road,18.963571,72.952646,Cloudy,Dry,Urban Road,Dusk,Fatal,3,0
A00968,2024-06-13,07:20,Morning,Ring Road,19.0988,72.960827,Rainy,Slippery,Residential Road,Daylight,Minor,2,1
A00969,2024-06-14,04:30,Night,Station Road,18.936046,72.955719,Foggy,Dry,Expressway,Dark,Moderate,2,1
A00970,2024-06-14,03:50,Night,Industrial Area,19.276691,72.791163,Clear,Dry,Highway,Dark,Moderate,2,0
A00971,2024-06-15,23:10,Night,Station Road,19.155223,72.960079,Rainy,Slippery,Intersection,Dark,Fatal,2,2
A00972,2024-06-15,05:50,Morning,Ring Road,19.241687,72.893411,Cloudy,Dry,Residential Road,Dark,Moderate,5,1
A00973,2024-06-16,01:10,Night,Market Road,19.299318,73.066068,Rainy,Wet,Expressway,Dark,Moderate,3,4
A00974,2024-06-16,19:00,Evening,Airport Road,18.973066,73.069194,Rainy,Slippery,Expressway,Dusk,Severe,2,3
A00975,2024-06-17,10:40,Morning,Station Road,19.177657,73.018861,Clear,Dry,Highway,Daylight,Minor,1,2
A00976,2024-06-18,03:50,Night,Bridge Road,19.254795,72.996088,Cloudy,Dry,Highway,Dark,Severe,2,2
A00977,2024-06-18,14:30,Afternoon,College Road,19.130375,72.790233,Clear,Dry,Residential Road,Daylight,Severe,2,1
A00978,2024-06-19,05:00,Morning,Ring Road,19.155879,72.779643,Rainy,Wet,Highway,Dark,Severe,3,1
A00979,2024-06-19,21:40,Night,College Road,19.063068,73.044292,Cloudy,Dry,Expressway,Dark,Minor,2,0
A00980,2024-06-20,16:30,Afternoon,Main Highway,19.169904,72.899456,Rainy,Wet,Residential Road,Daylight,Minor,2,1
A00981,2024-06-20,23:20,Night,Ring Road,19.058231,72.907977,Clear,Dry,Expressway,Dark,Severe,4,2
A00982,2024-06-21,05:30,Morning,Junction Road,19.090648,73.046728,Cloudy,Dry,Urban Road,Dark,Minor,4,0
A00983,2024-06-21,18:10,Evening,Residential Area,18.941165,72.967501,Clear,Dry,Urban Road,Dusk,Moderate,2,0
A00984,2024-06-22,01:10,Night,Airport Road,18.903123,72.812793,Rainy,Slippery,Residential Road,Dark,Minor,1,1
A00985,2024-06-23,14:20,Afternoon,City Center,18.92206,72.823855,Foggy,Wet,Highway,Daylight,Minor,2,0
A00986,2024-06-23,10:00,Morning,City Center,18.977009,72.752232,Stormy,Slippery,Residential Road,Daylight,Minor,3,0
A00987,2024-06-24,07:40,Morning,Industrial Area,19.082642,72.998735,Rainy,Slippery,Expressway,Daylight,Moderate,5,1
A00988,2024-06-24,18:30,Evening,Industrial Area,18.908398,72.919964,Rainy,Slippery,Urban Road,Dusk,Minor,1,0
A00989,2024-06-25,12:10,Afternoon,Residential Area,18.962375,73.082487,Clear,Dry,Expressway,Daylight,Moderate,1,1
A00990,2024-06-25,11:00,Morning,College Road,19.212578,72.999904,Clear,Poor,Highway,Daylight,Moderate,4,6
A00991,2024-06-26,04:20,Night,Expressway,19.204867,72.786103,Cloudy,Dry,Urban Road,Dark,Moderate,3,2
A00992,2024-06-26,05:50,Morning,Junction Road,19.215892,72.80654,Rainy,Wet,Intersection,Dark,Moderate,5,0
A00993,2024-06-27,21:10,Night,Main Highway,19.268616,72.925604,Foggy,Dry,Intersection,Dark,Moderate,2,0
A00994,2024-06-27,03:20,Night,Bridge Road,18.947628,73.073706,Clear,Dry,Urban Road,Dark,Moderate,2,2
A00995,2024-06-28,18:30,Evening,Industrial Area,18.965256,72.836538,Foggy,Poor,Intersection,Dusk,Minor,2,0
A00996,2024-06-29,19:40,Evening,Ring Road,19.033421,73.038953,Rainy,Wet,Urban Road,Dusk,Moderate,2,1
A00997,2024-06-29,00:10,Night,Station Road,19.266056,72.859295,Cloudy,Wet,Urban Road,Dark,Moderate,2,1
A00998,2024-06-30,19:10,Evening,Market Road,19.210191,72.844464,Clear,Dry,Urban Road,Dusk,Moderate,2,1
A00999,2024-06-30,16:30,Afternoon,Airport Road,19.029649,73.065487,Clear,Dry,Intersection,Daylight,Minor,1,0
A01000,2024-07-01,11:50,Morning,Expressway,18.935054,72.766535,Cloudy,Dry,Highway,Daylight,Moderate,4,2
A01001,2024-07-01,14:00,Afternoon,Ring Road,19.146552,72.981259,Cloudy,Dry,Residential Road,Daylight,Minor,2,2
A01002,2024-07-02,00:40,Night,Station Road,19.002728,72.765109,Clear,Dry,Residential Road,Dark,Severe,3,9
A01003,2024-07-02,13:10,Afternoon,College Road,19.112461,73.030267,Cloudy,Dry,Expressway,Daylight,Minor,2,0
A01004,2024-07-03,05:40,Morning,College Road,19.276721,73.040292,Rainy,Dry,Urban Road,Dark,Fatal,3,4
A01005,2024-07-03,04:10,Night,Main Highway,19.129047,73.062675,Rainy,Dry,Urban Road,Dark,Moderate,2,0
A01006,2024-07-04,10:40,Morning,Residential Area,19.269534,72.815132,Foggy,Wet,Highway,Daylight,Minor,3,1
A01007,2024-07-05,03:20,Night,College Road,19.057216,72.793574,Clear,Dry,Residential Road,Dark,Minor,1,0
A01008,2024-07-05,12:10,Afternoon,City Center,19.153341,72.926237,Clear,Dry,Residential Road,Daylight,Minor,2,0
A01009,2024-07-06,10:40,Morning,Airport Road,19.257556,72.845071,Rainy,Wet,Residential Road,Daylight,Minor,3,1
A01010,2024-07-06,02:00,Night,City Center,19.135195,72.962204,Clear,Wet,Expressway,Dark,Minor,2,1
A01011,2024-07-07,00:20,Night,Market Road,19.145959,72.929812,Clear,Dry,Highway,Dark,Moderate,2,1
A01012,2024-07-07,05:20,Morning,Main Highway,19.186523,72.800698,Clear,Dry,Intersection,Dark,Minor,4,0
A01013,2024-07-08,17:00,Evening,Market Road,19.252843,73.008745,Clear,Wet,Residential Road,Daylight,Moderate,4,3
A01014,2024-07-08,23:40,Night,College Road,18.935272,73.031325,Clear,Dry,Highway,Dark,Minor,1,0
A01015,2024-07-09,09:30,Morning,Residential Area,19.034744,73.087065,Clear,Poor,Urban Road,Daylight,Severe,2,1
A01016,2024-07-09,04:00,Night,Industrial Area,19.059074,72.888439,Clear,Poor,Expressway,Dark,Moderate,2,0
A01017,2024-07-10,22:40,Night,Junction Road,19.263884,72.868207,Clear,Dry,Intersection,Dark,Minor,2,1
A01018,2024-07-11,09:00,Morning,Station Road,19.282403,72.817292,Cloudy,Dry,Urban Road,Daylight,Minor,5,0
A01019,2024-07-11,11:00,Morning,Station Road,18.948152,72.813303,Cloudy,Poor,Residential Road,Daylight,Minor,2,0
A01020,2024-07-12,01:10,Night,Main Highway,18.947643,72.862369,Cloudy,Poor,Highway,Dark,Minor,2,1
A01021,2024-07-12,12:40,Afternoon,Ring Road,19.273945,73.093636,Clear,Dry,Highway,Daylight,Moderate,5,3
A01022,2024-07-13,07:30,Morning,Ring Road,19.018309,72.782291,Clear,Wet,Residential Road,Daylight,Moderate,2,1
A01023,2024-07-13,01:10,Night,City Center,18.996726,72.840778,Cloudy,Dry,Residential Road,Dark,Severe,3,3
A01024,2024-07-14,19:00,Evening,City Center,18.914249,72.780092,Cloudy,Dry,Expressway,Dusk,Moderate,2,0
A01025,2024-07-14,00:50,Night,Station Road,19.010238,72.845771,Cloudy,Wet,Urban Road,Dark,Fatal,2,2
A01026,2024-07-15,04:00,Night,Junction Road,19.177411,72.782341,Clear,Dry,Highway,Dark,Severe,3,3
A01027,2024-07-16,08:00,Morning,Expressway,19.070414,72.927908,Foggy,Poor,Urban Road,Daylight,Severe,1,2
A01028,2024-07-16,16:40,Afternoon,Airport Road,19.106748,72.903424,Clear,Dry,Highway,Daylight,Moderate,2,2
A01029,2024-07-17,08:40,Morning,Market Road,19.266918,72.810918,Cloudy,Dry,Highway,Daylight,Minor,2,2
A01030,2024-07-17,10:10,Morning,Junction Road,18.945876,72.811183,Rainy,Wet,Urban Road,Daylight,Minor,1,0
A01031,2024-07-18,14:30,Afternoon,City Center,18.928496,72.969138,Cloudy,Dry,Urban Road,Daylight,Moderate,2,0
A01032,2024-07-18,23:10,Night,Residential Area,19.240772,72.885492,Clear,Dry,Urban Road,Dark,Moderate,2,2
A01033,2024-07-19,05:20,Morning,Station Road,19.209942,72.769668,Clear,Dry,Residential Road,Dark,Minor,2,0
A01034,2024-07-19,22:00,Night,Airport Road,19.005494,73.072067,Rainy,Wet,Highway,Dark,Moderate,2,1
A01035,2024-07-20,02:50,Night,Junction Road,19.029694,72.891733,Clear,Dry,Highway,Dark,Minor,3,2
A01036,2024-07-20,16:00,Afternoon,Market Road,19.024111,72.956867,Clear,Dry,Residential Road,Daylight,Moderate,2,1
A01037,2024-07-21,04:00,Night,Junction Road,19.159124,73.059894,Clear,Wet,Highway,Dark,Minor,2,1
A01038,2024-07-22,11:10,Morning,Junction Road,18.924485,72.890756,Rainy,Wet,Residential Road,Daylight,Moderate,3,2
A01039,2024-07-22,17:50,Evening,Ring Road,19.095761,73.037231,Clear,Dry,Highway,Daylight,Severe,2,1
A01040,2024-07-23,13:50,Afternoon,Station Road,18.953549,73.070163,Stormy,Wet,Urban Road,Daylight,Minor,3,0
A01041,2024-07-23,20:50,Evening,Bridge Road,19.227895,72.810924,Cloudy,Dry,Highway,Dusk,Moderate,3,0
A01042,2024-07-24,23:10,Night,Airport Road,19.052265,73.062372,Stormy,Wet,Highway,Dark,Severe,1,0
A01043,2024-07-24,10:00,Morning,Main Highway,19.111029,72.791941,Foggy,Dry,Residential Road,Daylight,Minor,1,1
A01044,2024-07-25,08:10,Morning,City Center,18.911727,72.846295,Cloudy,Dry,Intersection,Daylight,Minor,5,2
A01045,2024-07-25,01:40,Night,Industrial Area,18.923306,73.032874,Clear,Dry,Highway,Dark,Minor,2,1
A01046,2024-07-26,11:40,Morning,City Center,19.170022,73.06524,Clear,Wet,Urban Road,Daylight,Moderate,3,0
A01047,2024-07-26,02:10,Night,Market Road,19.206708,72.989449,Clear,Dry,Residential Road,Dark,Moderate,2,1
A01048,2024-07-27,02:50,Night,Station Road,19.184014,72.786689,Rainy,Wet,Urban Road,Dark,Minor,2,1
A01049,2024-07-28,00:00,Night,Ring Road,19.194807,72.933047,Clear,Dry,Expressway,Dark,Moderate,2,0
A01050,2024-07-28,07:10,Morning,Airport Road,18.941848,72.950422,Clear,Dry,Highway,Daylight,Minor,2,1
A01051,2024-07-29,21:10,Night,Industrial Area,19.17738,72.848651,Clear,Dry,Intersection,Dark,Severe,2,1
A01052,2024-07-29,07:10,Morning,Expressway,18.972699,73.096954,Foggy,Dry,Urban Road,Daylight,Minor,3,0
A01053,2024-07-30,10:20,Morning,City Center,18.939206,72.86747,Clear,Dry,Urban Road,Daylight,Severe,4,2
A01054,2024-07-30,08:40,Morning,College Road,19.202864,72.823589,Clear,Dry,Intersection,Daylight,Moderate,3,1
A01055,2024-07-31,04:50,Night,Bridge Road,19.255762,72.788548,Clear,Dry,Residential Road,Dark,Moderate,2,0
A01056,2024-07-31,13:30,Afternoon,Expressway,19.186684,72.882475,Foggy,Wet,Urban Road,Daylight,Moderate,4,1
A01057,2024-08-01,02:50,Night,College Road,19.222229,72.992417,Cloudy,Dry,Residential Road,Dark,Moderate,4,0
A01058,2024-08-01,20:30,Evening,Bridge Road,19.296435,72.830996,Clear,Dry,Residential Road,Dusk,Minor,4,2
A01059,2024-08-02,04:20,Night,Ring Road,18.953902,73.01934,Clear,Dry,Highway,Dark,Moderate,2,0
A01060,2024-08-03,04:10,Night,Residential Area,19.286061,72.79739,Clear,Dry,Residential Road,Dark,Moderate,3,1
A01061,2024-08-03,18:20,Evening,Bridge Road,19.140479,72.904164,Clear,Dry,Highway,Dusk,Moderate,3,2
A01062,2024-08-04,13:20,Afternoon,Industrial Area,19.225301,72.995831,Foggy,Dry,Expressway,Daylight,Moderate,2,0
A01063,2024-08-04,03:00,Night,Bridge Road,19.160068,72.797358,Rainy,Wet,Intersection,Dark,Severe,5,2
A01064,2024-08-05,12:40,Afternoon,Airport Road,19.128015,72.959245,Cloudy,Dry,Urban Road,Daylight,Moderate,1,0
A01065,2024-08-05,09:30,Morning,Junction Road,19.181448,73.029633,Rainy,Wet,Urban Road,Daylight,Minor,2,1
A01066,2024-08-06,17:10,Evening,City Center,19.028103,72.958442,Clear,Dry,Highway,Daylight,Moderate,4,1
A01067,2024-08-06,07:30,Morning,City Center,19.269709,72.929012,Rainy,Slippery,Highway,Daylight,Moderate,1,1
A01068,2024-08-07,07:50,Morning,Junction Road,18.946117,73.043405,Rainy,Wet,Intersection,Daylight,Severe,4,3
A01069,2024-08-08,06:30,Morning,Ring Road,19.027212,73.094897,Clear,Dry,Highway,Daylight,Severe,3,2
A01070,2024-08-08,07:50,Morning,College Road,18.912465,72.81346,Rainy,Slippery,Urban Road,Daylight,Moderate,1,0
A01071,2024-08-09,13:40,Afternoon,College Road,19.008529,72.991971,Clear,Dry,Expressway,Daylight,Minor,2,1
A01072,2024-08-09,18:50,Evening,Residential Area,18.987285,72.77823,Clear,Dry,Intersection,Dusk,Severe,3,0
A01073,2024-08-10,05:30,Morning,College Road,18.919852,72.764994,Clear,Wet,Urban Road,Dark,Moderate,3,0
A01074,2024-08-10,00:30,Night,Ring Road,19.09671,72.848287,Clear,Wet,Residential Road,Dark,Fatal,4,1
A01075,2024-08-11,22:50,Night,Bridge Road,19.087454,73.089822,Rainy,Wet,Residential Road,Dark,Minor,4,1
A01076,2024-08-11,14:20,Afternoon,Residential Area,18.931098,72.943268,Foggy,Dry,Intersection,Daylight,Minor,2,0
A01077,2024-08-12,00:40,Night,Ring Road,19.00474,72.843895,Cloudy,Dry,Residential Road,Dark,Minor,1,0
A01078,2024-08-12,16:00,Afternoon,Main Highway,19.281329,72.796405,Rainy,Wet,Residential Road,Daylight,Moderate,4,2
A01079,2024-08-13,00:10,Night,Junction Road,18.944295,73.072064,Rainy,Wet,Highway,Dark,Severe,2,5
A01080,2024-08-14,14:30,Afternoon,Market Road,19.022007,72.876828,Clear,Dry,Highway,Daylight,Minor,1,0
A01081,2024-08-14,22:10,Night,College Road,18.914345,72.857344,Cloudy,Dry,Residential Road,Dark,Moderate,3,0
A01082,2024-08-15,01:00,Night,Industrial Area,18.959555,73.050287,Clear,Poor,Intersection,Dark,Moderate,4,6
A01083,2024-08-15,13:10,Afternoon,City Center,19.179759,72.961541,Rainy,Dry,Intersection,Daylight,Moderate,3,1
A01084,2024-08-16,20:00,Evening,Junction Road,19.046687,72.809023,Foggy,Wet,Intersection,Dusk,Minor,2,0
A01085,2024-08-16,07:50,Morning,Market Road,19.080831,72.897529,Clear,Dry,Urban Road,Daylight,Severe,3,2
A01086,2024-08-17,07:20,Morning,College Road,18.962791,73.074881,Rainy,Wet,Expressway,Daylight,Minor,3,1
A01087,2024-08-17,18:30,Evening,Station Road,19.172856,73.065421,Cloudy,Wet,Expressway,Dusk,Moderate,4,0
A01088,2024-08-18,06:00,Morning,Expressway,19.200609,72.774538,Cloudy,Dry,Residential Road,Daylight,Minor,5,2
A01089,2024-08-18,18:10,Evening,Ring Road,18.972445,72.844015,Clear,Dry,Urban Road,Dusk,Moderate,2,1
A01090,2024-08-19,05:30,Morning,Airport Road,18.917997,72.804089,Clear,Dry,Urban Road,Dark,Severe,3,2
A01091,2024-08-20,05:20,Morning,Bridge Road,18.932376,72.936834,Clear,Dry,Intersection,Dark,Minor,5,4
A01092,2024-08-20,02:50,Night,Ring Road,19.162818,73.012494,Clear,Dry,Urban Road,Dark,Minor,2,2
A01093,2024-08-21,06:30,Morning,Industrial Area,18.954204,72.85344,Clear,Wet,Intersection,Daylight,Moderate,1,0
A01094,2024-08-21,18:00,Evening,Junction Road,19.097568,73.015299,Cloudy,Dry,Highway,Dusk,Moderate,4,3
A01095,2024-08-22,07:20,Morning,Residential Area,18.961057,72.98405,Clear,Dry,Expressway,Daylight,Moderate,2,0
A01096,2024-08-22,09:10,Morning,Main Highway,18.968059,73.004878,Foggy,Dry,Residential Road,Daylight,Minor,1,0
A01097,2024-08-23,19:20,Evening,Ring Road,18.901744,73.081885,Cloudy,Dry,Expressway,Dusk,Minor,2,0
A01098,2024-08-23,14:20,Afternoon,Ring Road,19.02833,72.898614,Rainy,Slippery,Urban Road,Daylight,Minor,2,1
A01099,2024-08-24,14:40,Afternoon,Ring Road,18.935919,72.869899,Clear,Poor,Intersection,Daylight,Minor,2,1
A01100,2024-08-25,00:20,Night,Market Road,19.057585,72.989347,Cloudy,Poor,Residential Road,Dark,Severe,2,0
A01101,2024-08-25,19:20,Evening,Bridge Road,19.139114,73.032645,Foggy,Poor,Urban Road,Dusk,Minor,5,2
A01102,2024-08-26,06:30,Morning,Bridge Road,19.047013,72.817006,Clear,Dry,Residential Road,Daylight,Moderate,3,1
A01103,2024-08-26,03:10,Night,Bridge Road,19.182033,73.04638,Clear,Dry,Urban Road,Dark,Minor,3,1
A01104,2024-08-27,05:30,Morning,Station Road,19.196581,72.770248,Rainy,Wet,Urban Road,Dark,Minor,1,0
A01105,2024-08-27,00:30,Night,Market Road,19.178643,72.752238,Clear,Poor,Urban Road,Dark,Moderate,3,2
A01106,2024-08-28,04:00,Night,Airport Road,19.274685,72.80545,Clear,Dry,Intersection,Dark,Moderate,3,1
A01107,2024-08-28,22:30,Night,Residential Area,18.994918,73.092534,Clear,Dry,Urban Road,Dark,Minor,3,0
A01108,2024-08-29,00:40,Night,Station Road,18.975783,72.933248,Clear,Wet,Residential Road,Dark,Minor,2,1
A01109,2024-08-29,03:40,Night,Market Road,19.143885,72.766299,Cloudy,Dry,Urban Road,Dark,Minor,2,1
A01110,2024-08-30,21:00,Night,Main Highway,19.137951,73.099011,Clear,Dry,Urban Road,Dark,Moderate,4,2
A01111,2024-08-31,01:50,Night,Junction Road,19.104039,73.010719,Foggy,Dry,Intersection,Dark,Moderate,3,3
A01112,2024-08-31,09:10,Morning,Ring Road,18.901741,73.043302,Rainy,Wet,Residential Road,Daylight,Minor,3,1
A01113,2024-09-01,04:10,Night,Bridge Road,19.122095,72.824529,Rainy,Wet,Intersection,Dark,Moderate,3,0
A01114,2024-09-01,09:30,Morning,Ring Road,19.273119,72.786907,Cloudy,Dry,Highway,Daylight,Moderate,2,0
A01115,2024-09-02,00:30,Night,Market Road,19.033831,72.93028,Rainy,Wet,Highway,Dark,Severe,3,5
A01116,2024-09-02,21:50,Night,City Center,19.28704,73.020261,Clear,Poor,Intersection,Dark,Severe,1,0
A01117,2024-09-03,05:30,Morning,Industrial Area,19.042703,72.973223,Foggy,Dry,Residential Road,Dark,Minor,3,1
A01118,2024-09-03,12:10,Afternoon,Station Road,18.955942,72.970871,Rainy,Wet,Highway,Daylight,Minor,5,1
A01119,2024-09-04,14:20,Afternoon,Airport Road,19.059361,73.014984,Rainy,Slippery,Urban Road,Daylight,Minor,3,0
A01120,2024-09-04,03:40,Night,Bridge Road,19.097845,72.829457,Cloudy,Dry,Expressway,Dark,Severe,2,1
A01121,2024-09-05,12:20,Afternoon,Main Highway,19.151786,72.981532,Clear,Dry,Urban Road,Daylight,Fatal,2,4
A01122,2024-09-06,23:20,Night,Station Road,19.101951,72.887239,Clear,Wet,Residential Road,Dark,Moderate,3,1
A01123,2024-09-06,19:10,Evening,Residential Area,19.114687,72.774414,Rainy,Wet,Urban Road,Dusk,Minor,4,0
A01124,2024-09-07,23:20,Night,Airport Road,18.909627,72.82075,Clear,Dry,Urban Road,Dark,Moderate,2,0
A01125,2024-09-07,14:50,Afternoon,Residential Area,19.001448,73.027901,Rainy,Wet,Intersection,Daylight,Minor,2,2
A01126,2024-09-08,07:00,Morning,Bridge Road,19.024279,73.063576,Clear,Dry,Highway,Daylight,Minor,2,1
A01127,2024-09-08,04:30,Night,Residential Area,19.294835,72.848988,Clear,Dry,Urban Road,Dark,Moderate,3,0
A01128,2024-09-09,14:00,Afternoon,Market Road,19.018227,72.816626,Clear,Dry,Expressway,Daylight,Minor,3,1
A01129,2024-09-09,03:40,Night,Industrial Area,19.258632,72.759354,Clear,Dry,Highway,Dark,Minor,5,3
A01130,2024-09-10,11:30,Morning,Residential Area,19.021894,73.081694,Cloudy,Poor,Urban Road,Daylight,Moderate,2,1
A01131,2024-09-10,12:20,Afternoon,Expressway,18.938444,72.989349,Clear,Dry,Residential Road,Daylight,Minor,3,0
A01132,2024-09-11,01:40,Night,Expressway,18.999047,73.084961,Stormy,Wet,Urban Road,Dark,Minor,2,1
A01133,2024-09-12,18:30,Evening,City Center,19.009131,73.052347,Cloudy,Dry,Urban Road,Dusk,Minor,2,0
A01134,2024-09-12,18:50,Evening,Airport Road,19.291299,72.869163,Clear,Dry,Urban Road,Dusk,Severe,3,2
A01135,2024-09-13,03:50,Night,City Center,19.169717,72.789439,Rainy,Slippery,Residential Road,Dark,Moderate,2,0
A01136,2024-09-13,03:50,Night,Industrial Area,19.272672,72.92467,Foggy,Dry,Residential Road,Dark,Minor,2,0
A01137,2024-09-14,10:50,Morning,Junction Road,19.233998,72.759385,Rainy,Slippery,Residential Road,Daylight,Moderate,3,1
A01138,2024-09-14,04:20,Night,Main Highway,19.131439,72.802471,Clear,Dry,Highway,Dark,Minor,2,0
A01139,2024-09-15,19:00,Evening,Industrial Area,19.170155,72.831701,Foggy,Dry,Residential Road,Dusk,Moderate,1,1
A01140,2024-09-15,10:30,Morning,College Road,19.149935,72.982976,Rainy,Wet,Intersection,Daylight,Moderate,2,1
A01141,2024-09-16,09:20,Morning,Station Road,19.166505,72.928457,Clear,Dry,Urban Road,Daylight,Severe,3,2
A01142,2024-09-17,07:50,Morning,City Center,19.005909,72.855847,Clear,Dry,Residential Road,Daylight,Moderate,4,0
A01143,2024-09-17,05:00,Morning,Market Road,19.06325,72.947669,Cloudy,Poor,Residential Road,Dark,Fatal,2,2
A01144,2024-09-18,05:40,Morning,Main Highway,19.137046,72.793821,Clear,Dry,Intersection,Dark,Fatal,3,1
A01145,2024-09-18,07:40,Morning,College Road,18.914371,73.014498,Rainy,Slippery,Intersection,Daylight,Severe,2,1
A01146,2024-09-19,22:40,Night,Industrial Area,19.093134,72.999212,Clear,Dry,Highway,Dark,Moderate,2,2
A01147,2024-09-19,14:50,Afternoon,Expressway,19.243891,72.825776,Foggy,Wet,Urban Road,Daylight,Minor,2,0
A01148,2024-09-20,13:40,Afternoon,Bridge Road,19.096947,72.962237,Cloudy,Dry,Urban Road,Daylight,Minor,4,1
A01149,2024-09-20,10:10,Morning,Station Road,19.120929,72.926156,Clear,Dry,Urban Road,Daylight,Minor,2,1
A01150,2024-09-21,11:30,Morning,Residential Area,18.980762,72.771286,Clear,Dry,Highway,Daylight,Minor,3,1
A01151,2024-09-21,12:30,Afternoon,Ring Road,19.217737,72.847354,Cloudy,Dry,Expressway,Daylight,Moderate,2,1
A01152,2024-09-22,07:50,Morning,Airport Road,19.043551,73.099819,Rainy,Slippery,Highway,Daylight,Moderate,5,0
A01153,2024-09-23,17:10,Evening,Expressway,19.282635,72.784837,Rainy,Wet,Urban Road,Daylight,Severe,4,2
A01154,2024-09-23,00:20,Night,Bridge Road,19.297486,72.927244,Clear,Dry,Residential Road,Dark,Minor,3,4
A01155,2024-09-24,14:20,Afternoon,City Center,19.2664,73.047267,Clear,Wet,Highway,Daylight,Minor,4,2
A01156,2024-09-24,07:40,Morning,Main Highway,18.933951,72.855228,Clear,Wet,Intersection,Daylight,Severe,3,2
A01157,2024-09-25,10:00,Morning,Main Highway,19.033273,72.841248,Rainy,Slippery,Expressway,Daylight,Minor,4,0
A01158,2024-09-25,11:20,Morning,Junction Road,19.278055,73.061778,Clear,Dry,Urban Road,Daylight,Minor,2,0
A01159,2024-09-26,11:00,Morning,Junction Road,19.221813,72.85669,Clear,Poor,Urban Road,Daylight,Fatal,1,1
A01160,2024-09-26,03:30,Night,Ring Road,19.264473,72.978023,Cloudy,Dry,Highway,Dark,Severe,3,0
A01161,2024-09-27,15:00,Afternoon,Main Highway,19.129021,73.00911,Foggy,Dry,Residential Road,Daylight,Minor,2,0
A01162,2024-09-27,03:30,Night,Market Road,19.092159,73.026016,Clear,Dry,Highway,Dark,Severe,2,1
A01163,2024-09-28,04:10,Night,Junction Road,18.942599,73.098166,Clear,Dry,Residential Road,Dark,Moderate,2,1
A01164,2024-09-29,23:10,Night,City Center,19.235789,73.031117,Cloudy,Dry,Expressway,Dark,Severe,2,1
A01165,2024-09-29,04:50,Night,Junction Road,19.198057,72.979954,Cloudy,Dry,Highway,Dark,Severe,3,1
A01166,2024-09-30,07:50,Morning,Industrial Area,18.923551,73.063412,Clear,Dry,Intersection,Daylight,Minor,1,0
A01167,2024-09-30,09:40,Morning,Main Highway,18.983766,73.067011,Foggy,Wet,Highway,Daylight,Moderate,5,0
A01168,2024-10-01,16:20,Afternoon,Main Highway,19.122911,73.090608,Rainy,Wet,Intersection,Daylight,Minor,4,1
A01169,2024-10-01,08:40,Morning,Industrial Area,19.173761,73.021763,Clear,Wet,Highway,Daylight,Minor,4,0
A01170,2024-10-02,21:30,Night,Industrial Area,18.955068,72.818225,Clear,Poor,Residential Road,Dark,Severe,2,2
A01171,2024-10-02,18:40,Evening,College Road,18.99793,72.998432,Cloudy,Dry,Urban Road,Dusk,Moderate,2,2
A01172,2024-10-03,13:00,Afternoon,Station Road,18.977244,72.776295,Rainy,Slippery,Expressway,Daylight,Moderate,5,4
A01173,2024-10-03,07:30,Morning,Station Road,18.987999,72.861287,Clear,Dry,Urban Road,Daylight,Severe,4,4
A01174,2024-10-04,08:50,Morning,Station Road,19.268285,72.790533,Rainy,Wet,Highway,Daylight,Severe,3,0
A01175,2024-10-05,21:10,Night,Junction Road,19.186328,73.08248,Cloudy,Dry,Residential Road,Dark,Severe,2,1
A01176,2024-10-05,10:50,Morning,Ring Road,19.194843,72.868564,Clear,Dry,Urban Road,Daylight,Moderate,2,1
A01177,2024-10-06,22:20,Night,Main Highway,19.217598,72.999625,Rainy,Dry,Residential Road,Dark,Minor,3,0
A01178,2024-10-06,00:30,Night,Ring Road,19.042629,72.949961,Foggy,Dry,Intersection,Dark,Minor,2,0
A01179,2024-10-07,13:30,Afternoon,Bridge Road,19.206874,72.787629,Clear,Dry,Urban Road,Daylight,Minor,3,1
A01180,2024-10-07,04:00,Night,Station Road,19.291365,72.946471,Clear,Dry,Urban Road,Dark,Minor,3,2
A01181,2024-10-08,20:20,Evening,Main Highway,19.179358,72.981358,Clear,Dry,Highway,Dusk,Moderate,3,2
A01182,2024-10-08,13:10,Afternoon,College Road,19.066701,73.058531,Foggy,Dry,Residential Road,Daylight,Moderate,2,0
A01183,2024-10-09,03:30,Night,Ring Road,19.186544,72.77453,Stormy,Slippery,Urban Road,Dark,Fatal,3,3
A01184,2024-10-10,21:30,Night,Industrial Area,19.260318,72.853472,Clear,Dry,Urban Road,Dark,Moderate,5,2
A01185,2024-10-10,22:00,Night,Ring Road,18.951505,72.992319,Rainy,Slippery,Highway,Dark,Moderate,3,2
A01186,2024-10-11,00:40,Night,Main Highway,19.006118,72.762016,Cloudy,Dry,Urban Road,Dark,Minor,3,1
A01187,2024-10-11,21:10,Night,Ring Road,19.267718,72.821244,Cloudy,Poor,Intersection,Dark,Minor,3,0
A01188,2024-10-12,22:50,Night,Airport Road,19.278493,72.826535,Clear,Dry,Urban Road,Dark,Minor,3,3
A01189,2024-10-12,18:20,Evening,Industrial Area,19.093656,72.984264,Clear,Dry,Residential Road,Dusk,Moderate,3,1
A01190,2024-10-13,07:30,Morning,Junction Road,19.04982,72.850086,Clear,Dry,Expressway,Daylight,Minor,2,0
A01191,2024-10-13,14:30,Afternoon,Junction Road,19.013113,72.959858,Cloudy,Dry,Expressway,Daylight,Moderate,2,1
A01192,2024-10-14,20:50,Evening,Residential Area,19.099501,73.087872,Clear,Dry,Urban Road,Dusk,Moderate,2,1
A01193,2024-10-14,14:10,Afternoon,College Road,19.273812,73.027635,Foggy,Dry,Residential Road,Daylight,Minor,1,0
A01194,2024-10-15,08:40,Morning,Bridge Road,18.959924,72.866516,Clear,Dry,Intersection,Daylight,Minor,2,1
A01195,2024-10-16,20:30,Evening,Industrial Area,19.067932,72.91534,Clear,Dry,Highway,Dusk,Moderate,2,0
A01196,2024-10-16,08:10,Morning,Station Road,19.264643,72.820236,Cloudy,Dry,Urban Road,Daylight,Minor,4,0
A01197,2024-10-17,09:50,Morning,Market Road,19.039648,72.755502,Rainy,Wet,Highway,Daylight,Severe,2,0
A01198,2024-10-17,19:00,Evening,City Center,19.207233,72.8514,Clear,Dry,Urban Road,Dusk,Moderate,2,2
A01199,2024-10-18,20:40,Evening,Main Highway,19.055704,72.879293,Clear,Dry,Urban Road,Dusk,Moderate,2,0
A01200,2024-10-18,08:20,Morning,Airport Road,19.221971,72.947529,Stormy,Wet,Expressway,Daylight,Severe,3,3
A01201,2024-10-19,02:30,Night,City Center,19.292401,73.080423,Clear,Poor,Highway,Dark,Moderate,1,1
A01202,2024-10-19,19:10,Evening,Station Road,19.055129,73.081748,Clear,Dry,Urban Road,Dusk,Fatal,2,2
A01203,2024-10-20,10:00,Morning,Expressway,19.238039,72.774534,Rainy,Wet,Residential Road,Daylight,Minor,2,0
A01204,2024-10-20,05:20,Morning,Bridge Road,19.295367,72.965126,Clear,Dry,Urban Road,Dark,Moderate,4,0
A01205,2024-10-21,01:10,Night,Industrial Area,19.293532,72.764823,Cloudy,Dry,Expressway,Dark,Minor,5,1
A01206,2024-10-22,06:10,Morning,Ring Road,19.073508,72.976828,Clear,Dry,Urban Road,Daylight,Minor,5,0
A01207,2024-10-22,17:20,Evening,Industrial Area,19.094304,72.791196,Clear,Wet,Intersection,Daylight,Minor,2,2
A01208,2024-10-23,01:00,Night,Industrial Area,19.021361,73.081241,Clear,Poor,Urban Road,Dark,Moderate,3,1
A01209,2024-10-23,16:50,Afternoon,Junction Road,19.025608,73.052519,Clear,Dry,Residential Road,Daylight,Minor,3,1
A01210,2024-10-24,10:00,Morning,Station Road,19.096988,72.757815,Clear,Dry,Expressway,Daylight,Minor,2,1
A01211,2024-10-24,11:40,Morning,Junction Road,18.980207,73.023746,Clear,Dry,Urban Road,Daylight,Fatal,2,1
A01212,2024-10-25,18:30,Evening,Station Road,19.184449,72.972564,Rainy,Wet,Highway,Dusk,Severe,1,1
A01213,2024-10-25,21:20,Night,Residential Area,19.114523,72.923379,Clear,Dry,Residential Road,Dark,Moderate,3,0
A01214,2024-10-26,23:50,Night,Market Road,19.259227,72.960922,Clear,Dry,Urban Road,Dark,Severe,2,4
A01215,2024-10-26,06:20,Morning,Junction Road,19.224233,72.987388,Foggy,Dry,Intersection,Daylight,Fatal,2,2
A01216,2024-10-27,19:20,Evening,City Center,19.028988,73.05956,Cloudy,Wet,Intersection,Dusk,Moderate,2,0
A01217,2024-10-28,05:00,Morning,Ring Road,19.102322,73.018575,Clear,Dry,Urban Road,Dark,Minor,2,1
A01218,2024-10-28,20:30,Evening,Ring Road,19.200206,72.951382,Foggy,Dry,Urban Road,Dusk,Severe,3,2
A01219,2024-10-29,23:40,Night,Residential Area,18.97728,73.038615,Clear,Poor,Urban Road,Dark,Moderate,3,7
A01220,2024-10-29,00:10,Night,Station Road,18.912639,73.095423,Clear,Dry,Urban Road,Dark,Minor,3,3
A01221,2024-10-30,16:10,Afternoon,College Road,19.240922,72.855064,Rainy,Slippery,Expressway,Daylight,Moderate,2,0
A01222,2024-10-30,10:20,Morning,Market Road,18.95502,72.791447,Cloudy,Dry,Expressway,Daylight,Minor,1,2
A01223,2024-10-31,21:30,Night,Junction Road,19.255765,73.006007,Clear,Dry,Urban Road,Dark,Severe,2,0
A01224,2024-10-31,17:50,Evening,Residential Area,19.265443,73.092509,Clear,Poor,Highway,Daylight,Minor,5,2
A01225,2024-11-01,20:00,Evening,Ring Road,19.08428,72.790847,Cloudy,Dry,Urban Road,Dusk,Fatal,5,6
A01226,2024-11-02,16:30,Afternoon,Industrial Area,19.222713,72.901098,Clear,Dry,Urban Road,Daylight,Severe,3,4
A01227,2024-11-02,06:30,Morning,Market Road,19.045276,72.771794,Foggy,Dry,Expressway,Daylight,Moderate,2,0
A01228,2024-11-03,16:00,Afternoon,College Road,19.243306,73.021786,Clear,Dry,Highway,Daylight,Moderate,2,0
A01229,2024-11-03,19:20,Evening,Station Road,19.229873,73.082048,Foggy,Dry,Expressway,Dusk,Minor,2,2
A01230,2024-11-04,08:30,Morning,Residential Area,18.931407,72.924648,Cloudy,Wet,Residential Road,Daylight,Minor,4,3
A01231,2024-11-04,16:10,Afternoon,Station Road,19.133041,72.893332,Rainy,Dry,Expressway,Daylight,Minor,3,2
A01232,2024-11-05,19:00,Evening,Residential Area,19.156,73.067702,Rainy,Dry,Urban Road,Dusk,Moderate,4,1
A01233,2024-11-05,21:50,Night,Ring Road,18.900343,72.796686,Rainy,Wet,Residential Road,Dark,Moderate,3,0
A01234,2024-11-06,21:40,Night,College Road,19.291967,73.062055,Clear,Dry,Residential Road,Dark,Minor,2,1
A01235,2024-11-06,07:20,Morning,Residential Area,19.062627,72.887244,Clear,Dry,Expressway,Daylight,Minor,2,0
A01236,2024-11-07,16:00,Afternoon,Ring Road,19.106937,72.945792,Clear,Wet,Urban Road,Daylight,Severe,1,1
A01237,2024-11-08,06:40,Morning,Residential Area,18.977922,72.934902,Rainy,Wet,Urban Road,Daylight,Minor,2,1
A01238,2024-11-08,00:40,Night,Station Road,19.144367,72.965593,Rainy,Wet,Residential Road,Dark,Severe,2,2
A01239,2024-11-09,12:50,Afternoon,Junction Road,19.224248,73.079743,Clear,Dry,Highway,Daylight,Minor,3,1
A01240,2024-11-09,22:30,Night,Industrial Area,19.134357,73.082894,Clear,Dry,Urban Road,Dark,Moderate,3,2
A01241,2024-11-10,18:50,Evening,Ring Road,19.215214,73.040902,Clear,Dry,Intersection,Dusk,Minor,2,1
A01242,2024-11-10,23:30,Night,Junction Road,19.192443,72.81704,Cloudy,Poor,Highway,Dark,Moderate,2,1
A01243,2024-11-11,18:30,Evening,Airport Road,18.995063,72.866731,Cloudy,Poor,Urban Road,Dusk,Moderate,2,1
A01244,2024-11-11,16:00,Afternoon,Airport Road,19.074325,72.920739,Rainy,Wet,Urban Road,Daylight,Minor,3,3
A01245,2024-11-12,12:00,Afternoon,Market Road,18.959451,73.066911,Stormy,Wet,Residential Road,Daylight,Moderate,2,1
A01246,2024-11-12,15:20,Afternoon,Market Road,18.916774,72.932303,Clear,Poor,Highway,Daylight,Moderate,2,0
A01247,2024-11-13,07:30,Morning,Industrial Area,18.925228,73.092102,Cloudy,Dry,Residential Road,Daylight,Moderate,4,1
A01248,2024-11-14,18:40,Evening,Main Highway,19.277,73.094344,Clear,Dry,Highway,Dusk,Severe,3,1
A01249,2024-11-14,17:10,Evening,Airport Road,19.293815,72.959504,Clear,Dry,Highway,Daylight,Minor,2,1
A01250,2024-11-15,00:20,Night,Main Highway,18.937991,73.057123,Clear,Dry,Residential Road,Dark,Moderate,3,0
A01251,2024-11-15,13:00,Afternoon,Expressway,19.034077,73.099728,Clear,Dry,Urban Road,Daylight,Fatal,3,1
A01252,2024-11-16,18:50,Evening,Industrial Area,18.945768,73.047401,Foggy,Dry,Intersection,Dusk,Severe,3,2
A01253,2024-11-16,14:20,Afternoon,College Road,19.233692,72.979919,Clear,Dry,Highway,Daylight,Fatal,2,2
A01254,2024-11-17,17:20,Evening,Junction Road,19.098519,73.045797,Cloudy,Dry,Urban Road,Daylight,Minor,2,2
A01255,2024-11-17,01:20,Night,Airport Road,19.148505,72.778929,Foggy,Poor,Highway,Dark,Severe,3,2
A01256,2024-11-18,21:20,Night,Station Road,19.115964,72.972187,Rainy,Slippery,Urban Road,Dark,Moderate,2,0
A01257,2024-11-19,16:10,Afternoon,Industrial Area,19.184101,72.825783,Clear,Wet,Intersection,Daylight,Minor,3,1
A01258,2024-11-19,17:50,Evening,Ring Road,19.027653,72.790622,Cloudy,Dry,Intersection,Daylight,Severe,4,4
A01259,2024-11-20,05:50,Morning,Bridge Road,18.954997,73.062505,Clear,Dry,Highway,Dark,Moderate,4,1
A01260,2024-11-20,18:50,Evening,Station Road,18.907048,72.973876,Rainy,Wet,Residential Road,Dusk,Minor,2,0
A01261,2024-11-21,03:30,Night,Residential Area,19.078277,72.835241,Rainy,Dry,Residential Road,Dark,Minor,2,0
A01262,2024-11-21,00:40,Night,Airport Road,19.263134,72.885374,Rainy,Wet,Highway,Dark,Severe,2,0
A01263,2024-11-22,07:50,Morning,Residential Area,19.022107,73.090647,Clear,Dry,Highway,Daylight,Minor,3,0
A01264,2024-11-22,22:20,Night,Airport Road,18.978383,73.051764,Rainy,Slippery,Intersection,Dark,Minor,2,0
A01265,2024-11-23,06:20,Morning,Main Highway,19.270417,72.755454,Clear,Dry,Intersection,Daylight,Moderate,2,1
A01266,2024-11-23,02:50,Night,Industrial Area,18.942179,73.09293,Clear,Dry,Intersection,Dark,Minor,1,0
A01267,2024-11-24,09:50,Morning,Ring Road,18.92072,72.878985,Clear,Poor,Expressway,Daylight,Severe,2,3
A01268,2024-11-25,09:20,Morning,Industrial Area,19.251765,72.993396,Clear,Wet,Residential Road,Daylight,Moderate,2,1
A01269,2024-11-25,18:30,Evening,City Center,19.180364,72.999437,Clear,Dry,Urban Road,Dusk,Moderate,2,2
A01270,2024-11-26,13:00,Afternoon,Airport Road,19.068827,73.06909,Rainy,Dry,Highway,Daylight,Severe,3,2
A01271,2024-11-26,01:00,Night,City Center,19.200938,73.059771,Foggy,Dry,Highway,Dark,Moderate,1,0
A01272,2024-11-27,00:50,Night,Market Road,19.196576,72.848605,Clear,Dry,Residential Road,Dark,Minor,2,0
A01273,2024-11-27,22:10,Night,College Road,18.916024,72.975237,Clear,Dry,Expressway,Dark,Severe,4,4
A01274,2024-11-28,22:50,Night,Industrial Area,19.170499,72.887797,Clear,Dry,Expressway,Dark,Moderate,4,1
A01275,2024-11-28,17:50,Evening,Main Highway,19.156349,72.93394,Clear,Dry,Intersection,Daylight,Minor,2,1
A01276,2024-11-29,06:00,Morning,Ring Road,19.285512,72.944137,Clear,Wet,Intersection,Daylight,Moderate,1,0
A01277,2024-11-29,07:20,Morning,Airport Road,19.286649,72.88872,Foggy,Dry,Intersection,Daylight,Severe,3,3
A01278,2024-11-30,00:50,Night,Ring Road,19.05112,72.912363,Clear,Dry,Highway,Dark,Severe,2,1
A01279,2024-12-01,22:20,Night,Market Road,19.135937,72.82292,Clear,Dry,Expressway,Dark,Fatal,1,1
A01280,2024-12-01,02:20,Night,Residential Area,18.956543,72.962676,Clear,Wet,Residential Road,Dark,Severe,2,5
A01281,2024-12-02,23:10,Night,Ring Road,18.926583,73.015636,Rainy,Wet,Urban Road,Dark,Moderate,2,2
A01282,2024-12-02,22:20,Night,Airport Road,19.073112,72.900409,Rainy,Wet,Intersection,Dark,Severe,3,2
A01283,2024-12-03,07:00,Morning,City Center,19.175953,73.092188,Foggy,Wet,Intersection,Daylight,Minor,4,1
A01284,2024-12-03,21:30,Night,Main Highway,19.127104,72.770029,Rainy,Wet,Highway,Dark,Minor,3,1
A01285,2024-12-04,14:30,Afternoon,Ring Road,19.071863,72.956206,Clear,Dry,Highway,Daylight,Moderate,2,0
A01286,2024-12-04,04:40,Night,Main Highway,19.227245,72.95426,Clear,Dry,Residential Road,Dark,Moderate,2,0
A01287,2024-12-05,02:50,Night,Residential Area,19.217771,72.762704,Rainy,Wet,Residential Road,Dark,Minor,3,2
A01288,2024-12-05,18:00,Evening,Main Highway,19.192777,72.8286,Clear,Dry,Intersection,Dusk,Minor,2,0
A01289,2024-12-06,00:20,Night,Residential Area,18.930813,73.06694,Cloudy,Wet,Highway,Dark,Minor,2,1
A01290,2024-12-07,14:30,Afternoon,Residential Area,19.218588,72.94058,Clear,Dry,Highway,Daylight,Moderate,3,1
A01291,2024-12-07,07:00,Morning,College Road,19.267769,72.902735,Clear,Dry,Urban Road,Daylight,Severe,4,2
A01292,2024-12-08,01:30,Night,College Road,18.923777,72.895424,Cloudy,Poor,Highway,Dark,Severe,2,2
A01293,2024-12-08,02:20,Night,Expressway,19.060669,73.060856,Cloudy,Dry,Highway,Dark,Moderate,4,0
A01294,2024-12-09,23:30,Night,Bridge Road,19.295342,72.878461,Rainy,Dry,Intersection,Dark,Severe,2,1
A01295,2024-12-09,13:50,Afternoon,Main Highway,19.139696,73.050708,Clear,Dry,Urban Road,Daylight,Moderate,2,0
A01296,2024-12-10,23:50,Night,Ring Road,19.105431,72.858217,Cloudy,Dry,Urban Road,Dark,Minor,1,0
A01297,2024-12-10,13:40,Afternoon,Main Highway,18.970978,72.936026,Clear,Dry,Highway,Daylight,Minor,3,0
A01298,2024-12-11,10:40,Morning,Residential Area,19.126195,72.800337,Clear,Poor,Urban Road,Daylight,Moderate,3,1
A01299,2024-12-12,15:30,Afternoon,College Road,19.075617,73.038761,Clear,Dry,Expressway,Daylight,Minor,3,0
A01300,2024-12-12,03:00,Night,Junction Road,18.950977,73.007591,Clear,Dry,Residential Road,Dark,Moderate,2,1
A01301,2024-12-13,19:50,Evening,Station Road,19.085733,72.935533,Clear,Poor,Expressway,Dusk,Moderate,2,0
A01302,2024-12-13,04:00,Night,City Center,18.96576,72.759065,Clear,Dry,Urban Road,Dark,Moderate,2,0
A01303,2024-12-14,21:00,Night,Main Highway,19.192265,72.91844,Clear,Dry,Urban Road,Dark,Fatal,2,1
A01304,2024-12-14,20:30,Evening,Industrial Area,19.289459,72.828819,Clear,Dry,Urban Road,Dusk,Moderate,2,0
A01305,2024-12-15,13:00,Afternoon,Junction Road,19.087831,72.894681,Clear,Dry,Urban Road,Daylight,Minor,5,3
A01306,2024-12-15,22:50,Night,Industrial Area,19.152947,73.049749,Clear,Dry,Expressway,Dark,Moderate,3,1
A01307,2024-12-16,15:20,Afternoon,Bridge Road,19.07239,73.019361,Clear,Dry,Urban Road,Daylight,Moderate,2,1
A01308,2024-12-16,17:40,Evening,Junction Road,18.955382,72.834684,Cloudy,Dry,Residential Road,Daylight,Minor,1,0
A01309,2024-12-17,06:20,Morning,Airport Road,19.288222,73.094734,Clear,Dry,Highway,Daylight,Minor,1,0
A01310,2024-12-18,09:00,Morning,Main Highway,18.951831,73.066124,Clear,Poor,Residential Road,Daylight,Moderate,3,3
A01311,2024-12-18,06:20,Morning,Main Highway,18.944651,72.935036,Clear,Poor,Intersection,Daylight,Severe,4,3
A01312,2024-12-19,00:50,Night,Market Road,19.083669,72.935553,Cloudy,Dry,Residential Road,Dark,Moderate,3,0
A01313,2024-12-19,22:50,Night,Residential Area,19.163555,73.065443,Foggy,Poor,Residential Road,Dark,Severe,2,2
A01314,2024-12-20,20:00,Evening,Junction Road,19.041969,72.972651,Rainy,Slippery,Intersection,Dusk,Severe,1,0
A01315,2024-12-20,18:30,Evening,Airport Road,18.977007,72.937841,Rainy,Wet,Residential Road,Dusk,Minor,5,3
A01316,2024-12-21,15:20,Afternoon,Residential Area,19.227585,73.012202,Cloudy,Dry,Urban Road,Daylight,Moderate,5,2
A01317,2024-12-21,18:30,Evening,Residential Area,19.045241,72.832284,Rainy,Wet,Urban Road,Dusk,Moderate,2,0
A01318,2024-12-22,03:30,Night,Ring Road,18.977728,73.057432,Cloudy,Dry,Residential Road,Dark,Minor,1,1
A01319,2024-12-22,17:10,Evening,City Center,19.046034,72.935995,Clear,Wet,Expressway,Daylight,Moderate,2,1
A01320,2024-12-23,01:00,Night,Junction Road,18.985822,72.961225,Clear,Dry,Urban Road,Dark,Moderate,4,4
A01321,2024-12-24,00:40,Night,Junction Road,19.107779,72.78148,Clear,Wet,Urban Road,Dark,Minor,3,3
A01322,2024-12-24,14:50,Afternoon,Main Highway,19.167316,72.858328,Foggy,Wet,Intersection,Daylight,Severe,3,0
A01323,2024-12-25,04:50,Night,Airport Road,19.219823,72.899357,Cloudy,Dry,Highway,Dark,Moderate,1,0
A01324,2024-12-25,19:00,Evening,Ring Road,18.991025,72.894868,Rainy,Wet,Urban Road,Dusk,Severe,2,1
A01325,2024-12-26,10:40,Morning,College Road,18.966782,73.0224,Clear,Dry,Highway,Daylight,Minor,2,1
A01326,2024-12-26,09:50,Morning,Station Road,18.907841,72.848813,Clear,Dry,Expressway,Daylight,Severe,4,3
A01327,2024-12-27,01:00,Night,Residential Area,18.991235,72.813738,Clear,Dry,Highway,Dark,Minor,2,0
A01328,2024-12-27,02:50,Night,Bridge Road,18.909562,72.953916,Clear,Dry,Residential Road,Dark,Minor,3,0
A01329,2024-12-28,22:30,Night,Industrial Area,19.03819,72.965255,Rainy,Wet,Highway,Dark,Moderate,2,0
A01330,2024-12-28,22:20,Night,Airport Road,18.958277,72.792554,Cloudy,Dry,Residential Road,Dark,Moderate,4,0
A01331,2024-12-29,11:20,Morning,Market Road,19.131958,72.750864,Clear,Dry,Expressway,Daylight,Moderate,3,0
A01332,2024-12-30,19:50,Evening,Main Highway,19.053491,73.071177,Rainy,Dry,Urban Road,Dusk,Moderate,2,0
A01333,2024-12-30,04:10,Night,Expressway,18.937434,72.777873,Clear,Dry,Urban Road,Dark,Minor,4,3
A01334,2024-12-31,04:40,Night,Industrial Area,19.059947,73.064253,Stormy,Slippery,Urban Road,Dark,Moderate,2,0
A01335,2024-12-31,05:40,Morning,Ring Road,18.983739,72.889725,Clear,Wet,Urban Road,Dark,Minor,2,1
A01336,2025-01-01,08:40,Morning,Industrial Area,19.172071,72.97857,Clear,Dry,Expressway,Daylight,Moderate,2,0
A01337,2025-01-01,01:30,Night,Main Highway,19.045774,72.814965,Clear,Dry,Urban Road,Dark,Moderate,4,0
A01338,2025-01-02,20:40,Evening,Industrial Area,18.958812,73.038371,Clear,Wet,Residential Road,Dusk,Fatal,4,2
A01339,2025-01-02,11:20,Morning,College Road,19.039841,72.813068,Clear,Dry,Highway,Daylight,Moderate,2,1
A01340,2025-01-03,02:30,Night,Market Road,18.989751,72.885278,Cloudy,Dry,Highway,Dark,Moderate,3,0
A01341,2025-01-04,19:00,Evening,Bridge Road,19.218312,72.833309,Foggy,Wet,Urban Road,Dusk,Severe,3,3
A01342,2025-01-04,21:40,Night,Airport Road,19.293347,73.043127,Rainy,Dry,Residential Road,Dark,Moderate,3,0
A01343,2025-01-05,11:40,Morning,Main Highway,18.910197,73.050418,Clear,Poor,Urban Road,Daylight,Minor,2,1
A01344,2025-01-05,23:00,Night,Expressway,19.176008,72.88021,Cloudy,Dry,Expressway,Dark,Minor,2,1
A01345,2025-01-06,16:40,Afternoon,Industrial Area,19.005583,72.857582,Clear,Dry,Highway,Daylight,Moderate,3,1
A01346,2025-01-06,09:00,Morning,Market Road,18.926563,73.020748,Clear,Dry,Highway,Daylight,Minor,1,0
A01347,2025-01-07,23:30,Night,Main Highway,18.905741,73.057479,Cloudy,Dry,Expressway,Dark,Moderate,2,1
A01348,2025-01-07,13:20,Afternoon,Market Road,19.252404,72.968407,Cloudy,Dry,Expressway,Daylight,Minor,3,0
A01349,2025-01-08,22:00,Night,Industrial Area,19.041443,73.074591,Clear,Dry,Highway,Dark,Minor,2,1
A01350,2025-01-08,16:10,Afternoon,Residential Area,19.297818,72.884065,Clear,Poor,Residential Road,Daylight,Moderate,5,3
A01351,2025-01-09,17:00,Evening,Airport Road,19.076951,72.80316,Stormy,Dry,Urban Road,Daylight,Fatal,1,2
A01352,2025-01-10,18:40,Evening,City Center,18.975039,72.812875,Clear,Dry,Expressway,Dusk,Moderate,5,1
A01353,2025-01-10,16:30,Afternoon,City Center,19.210857,72.984441,Clear,Dry,Intersection,Daylight,Severe,2,5
A01354,2025-01-11,13:50,Afternoon,Airport Road,19.270597,72.892634,Cloudy,Dry,Intersection,Daylight,Fatal,1,0
A01355,2025-01-11,08:30,Morning,Residential Area,19.226248,72.80471,Clear,Dry,Expressway,Daylight,Minor,2,0
A01356,2025-01-12,07:50,Morning,Main Highway,19.19808,72.852279,Clear,Dry,Urban Road,Daylight,Minor,3,3
A01357,2025-01-12,01:00,Night,Market Road,19.03388,72.935712,Clear,Wet,Expressway,Dark,Moderate,3,2
A01358,2025-01-13,12:20,Afternoon,Expressway,18.925796,72.792506,Rainy,Wet,Urban Road,Daylight,Severe,2,3
A01359,2025-01-13,06:10,Morning,Residential Area,18.98052,72.751205,Cloudy,Dry,Highway,Daylight,Moderate,2,1
A01360,2025-01-14,08:30,Morning,Junction Road,19.078724,73.071054,Cloudy,Dry,Urban Road,Daylight,Fatal,3,1
A01361,2025-01-14,21:40,Night,Junction Road,19.28248,72.856701,Stormy,Wet,Intersection,Dark,Minor,2,2
A01362,2025-01-15,21:50,Night,City Center,19.189142,72.827524,Rainy,Wet,Intersection,Dark,Minor,3,2
A01363,2025-01-16,10:40,Morning,Main Highway,19.231313,72.994468,Clear,Dry,Highway,Daylight,Moderate,1,1
A01364,2025-01-16,13:20,Afternoon,Ring Road,19.010918,73.048691,Clear,Dry,Expressway,Daylight,Moderate,3,0
A01365,2025-01-17,03:50,Night,Residential Area,19.173529,72.971298,Cloudy,Wet,Expressway,Dark,Minor,3,0
A01366,2025-01-17,12:30,Afternoon,City Center,19.244975,72.839069,Cloudy,Dry,Urban Road,Daylight,Minor,5,1
A01367,2025-01-18,01:00,Night,Bridge Road,19.091765,73.051573,Cloudy,Dry,Urban Road,Dark,Minor,3,2
A01368,2025-01-18,22:40,Night,Industrial Area,19.071957,72.92865,Cloudy,Dry,Residential Road,Dark,Moderate,2,0
A01369,2025-01-19,04:20,Night,Market Road,19.187762,72.883417,Clear,Dry,Urban Road,Dark,Severe,2,3
A01370,2025-01-19,10:30,Morning,College Road,19.123965,72.961654,Clear,Dry,Highway,Daylight,Severe,3,4
A01371,2025-01-20,05:30,Morning,Main Highway,19.297268,72.995214,Clear,Dry,Residential Road,Dark,Moderate,2,0
A01372,2025-01-20,17:30,Evening,Bridge Road,19.070041,72.95784,Clear,Dry,Intersection,Daylight,Moderate,4,0
A01373,2025-01-21,20:30,Evening,Junction Road,18.970377,73.072086,Clear,Dry,Residential Road,Dusk,Moderate,3,1
A01374,2025-01-22,09:50,Morning,Junction Road,19.088774,72.969806,Cloudy,Wet,Expressway,Daylight,Minor,2,1
A01375,2025-01-22,03:30,Night,Industrial Area,18.994082,73.057503,Cloudy,Dry,Urban Road,Dark,Minor,2,3
A01376,2025-01-23,08:40,Morning,College Road,19.124502,72.955435,Clear,Wet,Highway,Daylight,Minor,2,0
A01377,2025-01-23,05:20,Morning,Expressway,18.950319,72.865388,Cloudy,Dry,Residential Road,Dark,Severe,2,0
A01378,2025-01-24,01:50,Night,Bridge Road,19.279991,72.936304,Cloudy,Dry,Urban Road,Dark,Severe,1,0
A01379,2025-01-24,16:30,Afternoon,Residential Area,19.243929,72.780218,Clear,Dry,Intersection,Daylight,Moderate,2,1
A01380,2025-01-25,04:10,Night,Industrial Area,18.962226,72.830561,Cloudy,Dry,Highway,Dark,Moderate,2,0
A01381,2025-01-25,05:10,Morning,Industrial Area,18.968957,73.018181,Rainy,Dry,Urban Road,Dark,Minor,2,0
A01382,2025-01-26,11:20,Morning,Expressway,19.104975,72.981516,Rainy,Slippery,Urban Road,Daylight,Moderate,2,1
A01383,2025-01-27,22:00,Night,Junction Road,19.209153,72.808282,Cloudy,Poor,Intersection,Dark,Moderate,2,0
A01384,2025-01-27,20:00,Evening,City Center,18.987632,72.903305,Cloudy,Poor,Highway,Dusk,Moderate,1,0
A01385,2025-01-28,09:50,Morning,Station Road,18.924389,72.799697,Clear,Dry,Highway,Daylight,Minor,3,2
A01386,2025-01-28,21:50,Night,Junction Road,19.118214,73.049536,Clear,Dry,Highway,Dark,Severe,2,1
A01387,2025-01-29,20:50,Evening,Industrial Area,19.176639,72.788209,Clear,Dry,Expressway,Dusk,Moderate,2,0
A01388,2025-01-29,05:00,Morning,City Center,18.997746,72.978982,Stormy,Dry,Highway,Dark,Severe,3,0
A01389,2025-01-30,07:10,Morning,Ring Road,19.195907,72.96245,Clear,Dry,Highway,Daylight,Severe,5,2
A01390,2025-01-30,01:00,Night,Junction Road,19.280258,72.915472,Clear,Dry,Highway,Dark,Fatal,1,3
A01391,2025-01-31,11:40,Morning,Bridge Road,18.95483,72.847382,Foggy,Dry,Residential Road,Daylight,Minor,2,1
A01392,2025-01-31,12:30,Afternoon,College Road,19.104412,72.891385,Foggy,Wet,Highway,Daylight,Minor,2,3
A01393,2025-02-01,20:50,Evening,Market Road,18.922737,73.032237,Rainy,Wet,Urban Road,Dusk,Minor,2,0
A01394,2025-02-02,06:10,Morning,College Road,18.982664,73.016543,Clear,Dry,Urban Road,Daylight,Minor,4,1
A01395,2025-02-02,09:20,Morning,Main Highway,18.935928,73.008583,Clear,Dry,Residential Road,Daylight,Moderate,3,0
A01396,2025-02-03,12:20,Afternoon,Junction Road,19.061603,73.012438,Clear,Wet,Expressway,Daylight,Moderate,3,3
A01397,2025-02-03,16:30,Afternoon,Main Highway,19.228333,72.80036,Clear,Dry,Urban Road,Daylight,Moderate,2,1
A01398,2025-02-04,20:10,Evening,Industrial Area,19.130852,72.784684,Clear,Dry,Intersection,Dusk,Minor,3,1
A01399,2025-02-04,13:00,Afternoon,Industrial Area,18.989034,73.051525,Cloudy,Dry,Intersection,Daylight,Severe,1,2
A01400,2025-02-05,01:00,Night,Industrial Area,18.916044,73.043011,Foggy,Dry,Urban Road,Dark,Minor,3,1
A01401,2025-02-05,21:40,Night,Ring Road,19.121359,72.988461,Clear,Dry,Expressway,Dark,Minor,2,1
A01402,2025-02-06,10:40,Morning,Airport Road,18.953119,72.962067,Cloudy,Dry,Expressway,Daylight,Moderate,2,1
A01403,2025-02-06,00:00,Night,Market Road,19.037094,72.878405,Cloudy,Dry,Intersection,Dark,Moderate,2,0
A01404,2025-02-07,18:20,Evening,Airport Road,19.104077,72.828429,Clear,Dry,Urban Road,Dusk,Minor,3,1
A01405,2025-02-08,20:50,Evening,City Center,19.261493,72.98368,Cloudy,Dry,Urban Road,Dusk,Minor,1,0
A01406,2025-02-08,03:20,Night,City Center,18.932729,73.069562,Clear,Dry,Urban Road,Dark,Moderate,1,0
A01407,2025-02-09,18:40,Evening,College Road,19.167443,72.902949,Clear,Dry,Intersection,Dusk,Minor,2,0
A01408,2025-02-09,20:30,Evening,Market Road,18.905633,72.856124,Rainy,Slippery,Highway,Dusk,Minor,2,1
A01409,2025-02-10,10:00,Morning,College Road,19.151963,72.84476,Clear,Dry,Highway,Daylight,Moderate,3,2
A01410,2025-02-10,07:40,Morning,Market Road,19.120613,72.758297,Stormy,Wet,Urban Road,Daylight,Minor,3,1
A01411,2025-02-11,10:40,Morning,Junction Road,19.224747,72.932111,Clear,Dry,Highway,Daylight,Minor,3,2
A01412,2025-02-11,03:50,Night,Junction Road,19.112665,73.095883,Cloudy,Dry,Residential Road,Dark,Moderate,2,0
A01413,2025-02-12,16:00,Afternoon,City Center,19.041047,73.035333,Clear,Poor,Highway,Daylight,Fatal,3,0
A01414,2025-02-13,06:50,Morning,Industrial Area,18.9971,73.064116,Clear,Poor,Urban Road,Daylight,Fatal,4,4
A01415,2025-02-13,07:00,Morning,Industrial Area,18.9341,72.967407,Clear,Dry,Intersection,Daylight,Minor,2,1
A01416,2025-02-14,02:50,Night,Market Road,19.113845,72.918506,Cloudy,Dry,Urban Road,Dark,Minor,2,0
A01417,2025-02-14,21:20,Night,Ring Road,19.255329,73.09666,Rainy,Slippery,Expressway,Dark,Minor,4,2
A01418,2025-02-15,01:30,Night,Airport Road,19.105898,72.906507,Rainy,Slippery,Highway,Dark,Minor,1,0
A01419,2025-02-15,22:30,Night,Residential Area,19.195641,73.070891,Cloudy,Dry,Highway,Dark,Moderate,2,0
A01420,2025-02-16,14:00,Afternoon,Junction Road,19.019374,73.016646,Rainy,Slippery,Expressway,Daylight,Moderate,2,1
A01421,2025-02-16,23:10,Night,Junction Road,19.079252,72.865842,Rainy,Wet,Expressway,Dark,Moderate,1,0
A01422,2025-02-17,21:40,Night,Airport Road,19.029841,72.926072,Rainy,Wet,Urban Road,Dark,Minor,2,1
A01423,2025-02-17,21:40,Night,Expressway,18.943706,72.884515,Cloudy,Dry,Intersection,Dark,Minor,2,0
A01424,2025-02-18,04:00,Night,Station Road,19.066795,72.797678,Cloudy,Dry,Intersection,Dark,Moderate,3,1
A01425,2025-02-19,23:50,Night,Residential Area,19.205715,72.874868,Rainy,Wet,Intersection,Dark,Minor,2,0
A01426,2025-02-19,00:10,Night,Industrial Area,19.05799,73.061141,Clear,Dry,Urban Road,Dark,Moderate,4,1
A01427,2025-02-20,03:20,Night,College Road,19.160072,73.013422,Rainy,Wet,Highway,Dark,Moderate,2,0
A01428,2025-02-20,14:50,Afternoon,Junction Road,19.203446,72.847153,Cloudy,Dry,Residential Road,Daylight,Moderate,5,1
A01429,2025-02-21,19:50,Evening,Residential Area,19.029094,72.87877,Clear,Dry,Residential Road,Dusk,Moderate,5,3
A01430,2025-02-21,18:00,Evening,Industrial Area,19.219006,72.965752,Clear,Dry,Highway,Dusk,Moderate,3,0
A01431,2025-02-22,02:00,Night,Residential Area,19.03557,72.895649,Clear,Dry,Expressway,Dark,Minor,4,3
A01432,2025-02-22,19:40,Evening,Expressway,19.002443,72.926065,Cloudy,Dry,Highway,Dusk,Minor,3,1
A01433,2025-02-23,10:00,Morning,Industrial Area,18.988978,72.994359,Rainy,Wet,Urban Road,Daylight,Moderate,4,2
A01434,2025-02-23,16:00,Afternoon,Station Road,18.979962,72.913538,Clear,Poor,Urban Road,Daylight,Minor,2,1
A01435,2025-02-24,12:00,Afternoon,Station Road,19.19485,72.816839,Rainy,Wet,Expressway,Daylight,Moderate,2,1
A01436,2025-02-25,10:40,Morning,Main Highway,19.255004,72.932201,Rainy,Wet,Urban Road,Daylight,Moderate,3,0
A01437,2025-02-25,01:20,Night,Junction Road,18.992259,72.874641,Clear,Dry,Expressway,Dark,Severe,2,3
A01438,2025-02-26,08:20,Morning,Market Road,18.934096,72.851757,Rainy,Slippery,Residential Road,Daylight,Fatal,4,2
A01439,2025-02-26,01:00,Night,Expressway,19.025507,72.864838,Stormy,Wet,Expressway,Dark,Minor,4,1
A01440,2025-02-27,20:40,Evening,Industrial Area,19.163139,72.903651,Rainy,Wet,Intersection,Dusk,Fatal,2,0
A01441,2025-02-27,08:20,Morning,City Center,19.047408,73.060315,Rainy,Wet,Residential Road,Daylight,Moderate,3,2
A01442,2025-02-28,08:50,Morning,Residential Area,19.119671,73.00692,Stormy,Wet,Intersection,Daylight,Moderate,2,0
A01443,2025-02-28,07:20,Morning,Expressway,19.197722,72.983759,Cloudy,Wet,Highway,Daylight,Minor,2,1
A01444,2025-03-01,16:20,Afternoon,Station Road,19.063391,72.914941,Clear,Wet,Urban Road,Daylight,Severe,2,3
A01445,2025-03-01,00:40,Night,Junction Road,19.299878,72.75064,Rainy,Wet,Highway,Dark,Minor,2,1
A01446,2025-03-02,10:50,Morning,City Center,19.01918,72.869193,Cloudy,Dry,Urban Road,Daylight,Severe,2,2
A01447,2025-03-03,07:40,Morning,Ring Road,19.291299,73.034617,Cloudy,Dry,Expressway,Daylight,Minor,2,1
A01448,2025-03-03,09:00,Morning,College Road,18.981212,72.88586,Clear,Dry,Highway,Daylight,Moderate,2,0
A01449,2025-03-04,06:30,Morning,Airport Road,18.944373,72.947337,Rainy,Slippery,Urban Road,Daylight,Moderate,3,0
A01450,2025-03-04,02:20,Night,Station Road,19.200332,72.821659,Clear,Dry,Residential Road,Dark,Minor,3,1
A01451,2025-03-05,02:30,Night,City Center,19.180924,73.07055,Foggy,Poor,Residential Road,Dark,Minor,2,0
A01452,2025-03-05,17:40,Evening,Residential Area,19.224468,73.07311,Clear,Dry,Urban Road,Daylight,Moderate,2,1
A01453,2025-03-06,04:40,Night,Industrial Area,19.037436,72.801125,Clear,Dry,Expressway,Dark,Minor,4,0
A01454,2025-03-06,11:40,Morning,Station Road,19.272323,73.003456,Clear,Dry,Highway,Daylight,Moderate,4,3
A01455,2025-03-07,11:30,Morning,Main Highway,18.947793,72.776333,Clear,Dry,Urban Road,Daylight,Moderate,2,1
A01456,2025-03-08,18:40,Evening,Junction Road,18.912111,72.959492,Rainy,Slippery,Residential Road,Dusk,Severe,1,2
A01457,2025-03-08,05:00,Morning,Market Road,19.020226,72.812529,Foggy,Wet,Residential Road,Dark,Moderate,3,2
A01458,2025-03-09,01:40,Night,Bridge Road,19.21893,72.800997,Rainy,Slippery,Urban Road,Dark,Minor,3,0
A01459,2025-03-09,11:10,Morning,Station Road,19.169193,72.751442,Clear,Dry,Intersection,Daylight,Minor,2,0
A01460,2025-03-10,18:30,Evening,Residential Area,19.074484,73.0793,Clear,Dry,Urban Road,Dusk,Minor,3,3
A01461,2025-03-10,04:10,Night,Industrial Area,19.002501,73.040238,Rainy,Dry,Urban Road,Dark,Severe,2,4
A01462,2025-03-11,11:40,Morning,Airport Road,18.923709,72.777116,Foggy,Dry,Highway,Daylight,Severe,3,5
A01463,2025-03-11,16:00,Afternoon,Junction Road,19.035002,72.959781,Cloudy,Dry,Residential Road,Daylight,Minor,2,1
A01464,2025-03-12,16:20,Afternoon,Residential Area,19.084008,72.831514,Cloudy,Dry,Residential Road,Daylight,Minor,2,0
A01465,2025-03-12,09:50,Morning,Market Road,19.17481,72.842406,Clear,Dry,Highway,Daylight,Severe,2,0
A01466,2025-03-13,22:50,Night,Expressway,19.158389,73.05596,Foggy,Wet,Urban Road,Dark,Severe,5,1
A01467,2025-03-14,16:40,Afternoon,Residential Area,19.278938,72.790014,Cloudy,Dry,Expressway,Daylight,Severe,3,3
A01468,2025-03-14,14:00,Afternoon,Industrial Area,18.940158,72.960522,Clear,Poor,Urban Road,Daylight,Severe,3,2
A01469,2025-03-15,11:30,Morning,Main Highway,19.034536,72.890439,Clear,Dry,Highway,Daylight,Moderate,3,1
A01470,2025-03-15,15:10,Afternoon,Main Highway,19.092631,72.81678,Foggy,Dry,Residential Road,Daylight,Minor,2,1
A01471,2025-03-16,23:10,Night,College Road,19.168278,72.908171,Clear,Dry,Highway,Dark,Moderate,4,2
A01472,2025-03-16,18:10,Evening,Industrial Area,19.098181,73.079171,Clear,Dry,Intersection,Dusk,Moderate,1,1
A01473,2025-03-17,07:30,Morning,Main Highway,19.265103,73.023564,Cloudy,Dry,Highway,Daylight,Moderate,3,0
A01474,2025-03-17,20:50,Evening,Airport Road,19.143469,72.796239,Clear,Dry,Residential Road,Dusk,Moderate,2,1
A01475,2025-03-18,16:00,Afternoon,Expressway,18.915866,73.0473,Clear,Dry,Urban Road,Daylight,Minor,2,0
A01476,2025-03-18,22:30,Night,Junction Road,18.945462,73.078104,Rainy,Slippery,Intersection,Dark,Minor,2,2
A01477,2025-03-19,04:10,Night,Expressway,19.201398,72.846937,Foggy,Poor,Highway,Dark,Moderate,3,3
A01478,2025-03-20,21:40,Night,Junction Road,19.186315,72.866697,Rainy,Slippery,Residential Road,Dark,Minor,4,3
A01479,2025-03-20,15:20,Afternoon,Expressway,18.961399,72.794208,Foggy,Dry,Residential Road,Daylight,Moderate,3,1
A01480,2025-03-21,05:30,Morning,Expressway,18.923563,72.870729,Cloudy,Poor,Urban Road,Dark,Severe,2,2
A01481,2025-03-21,07:30,Morning,Main Highway,19.131487,72.985599,Rainy,Wet,Urban Road,Daylight,Severe,4,3
A01482,2025-03-22,17:00,Evening,Station Road,19.154296,72.845254,Clear,Dry,Residential Road,Daylight,Minor,2,2
A01483,2025-03-22,11:00,Morning,Junction Road,18.95412,72.752389,Cloudy,Wet,Intersection,Daylight,Moderate,3,1
A01484,2025-03-23,14:30,Afternoon,Ring Road,19.089448,72.868491,Stormy,Wet,Highway,Daylight,Minor,3,1
A01485,2025-03-23,08:10,Morning,Expressway,19.022333,72.908611,Clear,Dry,Highway,Daylight,Moderate,2,0
A01486,2025-03-24,12:20,Afternoon,Market Road,19.272522,72.948225,Clear,Dry,Expressway,Daylight,Minor,1,0
A01487,2025-03-24,14:00,Afternoon,College Road,18.98768,72.989339,Cloudy,Dry,Highway,Daylight,Moderate,2,2
A01488,2025-03-25,09:10,Morning,Residential Area,19.193304,72.771625,Clear,Dry,Intersection,Daylight,Severe,2,4
A01489,2025-03-26,15:40,Afternoon,Market Road,19.107254,72.914413,Clear,Dry,Residential Road,Daylight,Moderate,2,0
A01490,2025-03-26,06:00,Morning,Residential Area,18.904608,72.843227,Rainy,Wet,Residential Road,Daylight,Minor,1,1
A01491,2025-03-27,16:10,Afternoon,Bridge Road,19.106799,73.081789,Stormy,Wet,Highway,Daylight,Minor,2,0
A01492,2025-03-27,22:10,Night,College Road,18.939789,72.875964,Clear,Dry,Highway,Dark,Moderate,3,3
A01493,2025-03-28,20:20,Evening,College Road,19.163625,72.785043,Clear,Dry,Residential Road,Dusk,Moderate,4,2
A01494,2025-03-28,21:20,Night,Ring Road,19.126209,72.764522,Clear,Wet,Intersection,Dark,Severe,2,1
A01495,2025-03-29,06:40,Morning,Station Road,18.904171,72.842892,Foggy,Wet,Intersection,Daylight,Moderate,2,1
A01496,2025-03-29,13:10,Afternoon,Industrial Area,18.981877,72.812608,Cloudy,Wet,Highway,Daylight,Moderate,2,0
A01497,2025-03-30,14:50,Afternoon,Residential Area,19.21049,72.97743,Clear,Dry,Highway,Daylight,Moderate,2,0
A01498,2025-03-31,20:10,Evening,Residential Area,19.010309,73.046438,Cloudy,Dry,Highway,Dusk,Moderate,3,0
A01499,2025-03-31,06:20,Morning,Bridge Road,19.099713,72.859396,Clear,Dry,Intersection,Daylight,Moderate,2,0
A01500,2025-04-01,08:50,Morning,Junction Road,19.024799,72.952227,Cloudy,Dry,Urban Road,Daylight,Minor,4,2
A01501,2025-04-01,18:00,Evening,City Center,19.268611,73.005607,Rainy,Wet,Highway,Dusk,Moderate,2,0
A01502,2025-04-02,15:00,Afternoon,Junction Road,19.114631,72.889471,Cloudy,Dry,Highway,Daylight,Minor,3,0
A01503,2025-04-02,07:30,Morning,College Road,19.178469,72.773214,Rainy,Wet,Urban Road,Daylight,Severe,2,1
A01504,2025-04-03,17:20,Evening,College Road,18.93339,72.830215,Clear,Dry,Intersection,Daylight,Minor,3,0
A01505,2025-04-03,22:30,Night,Ring Road,18.916134,73.059073,Rainy,Wet,Urban Road,Dark,Minor,4,2
A01506,2025-04-04,17:50,Evening,Ring Road,19.003691,73.038568,Cloudy,Dry,Highway,Daylight,Minor,3,2
A01507,2025-04-04,19:20,Evening,Industrial Area,19.023654,72.780286,Clear,Dry,Urban Road,Dusk,Minor,3,1
A01508,2025-04-05,06:40,Morning,Residential Area,19.175072,72.828382,Cloudy,Dry,Urban Road,Daylight,Moderate,1,0
A01509,2025-04-06,02:10,Night,College Road,19.127652,73.019208,Clear,Dry,Highway,Dark,Minor,4,2
A01510,2025-04-06,17:40,Evening,Bridge Road,19.049832,72.920064,Rainy,Wet,Highway,Daylight,Minor,2,0
A01511,2025-04-07,09:50,Morning,College Road,19.161647,73.015988,Clear,Dry,Residential Road,Daylight,Moderate,2,2
A01512,2025-04-07,06:20,Morning,Expressway,18.965426,72.823882,Stormy,Dry,Highway,Daylight,Moderate,1,0
A01513,2025-04-08,16:50,Afternoon,Bridge Road,18.925396,73.083444,Clear,Dry,Highway,Daylight,Minor,5,2
A01514,2025-04-08,13:10,Afternoon,Expressway,19.241802,73.024263,Rainy,Wet,Urban Road,Daylight,Moderate,4,1
A01515,2025-04-09,23:00,Night,Station Road,19.125578,72.819108,Rainy,Wet,Expressway,Dark,Moderate,4,3
A01516,2025-04-09,02:00,Night,Station Road,19.159638,72.945457,Rainy,Dry,Residential Road,Dark,Fatal,4,1
A01517,2025-04-10,11:50,Morning,City Center,19.022897,72.789584,Clear,Dry,Residential Road,Daylight,Moderate,2,0
A01518,2025-04-10,12:30,Afternoon,Junction Road,19.048782,72.876502,Cloudy,Poor,Residential Road,Daylight,Minor,4,1
A01519,2025-04-11,01:20,Night,Ring Road,18.932947,72.980867,Rainy,Wet,Residential Road,Dark,Moderate,5,0
A01520,2025-04-12,02:20,Night,Expressway,19.242795,72.865545,Clear,Dry,Highway,Dark,Moderate,2,0
A01521,2025-04-12,04:00,Night,Industrial Area,19.136976,72.979865,Clear,Wet,Intersection,Dark,Minor,2,0
A01522,2025-04-13,10:40,Morning,Main Highway,18.933451,72.835673,Cloudy,Dry,Highway,Daylight,Severe,3,3
A01523,2025-04-13,07:10,Morning,Main Highway,19.221812,73.002422,Cloudy,Dry,Urban Road,Daylight,Moderate,5,2
A01524,2025-04-14,22:40,Night,Residential Area,19.077646,72.875856,Clear,Dry,Expressway,Dark,Fatal,4,2
A01525,2025-04-14,22:40,Night,College Road,19.206041,73.026668,Clear,Poor,Urban Road,Dark,Moderate,4,2
A01526,2025-04-15,11:50,Morning,Residential Area,18.905048,72.797841,Clear,Dry,Intersection,Daylight,Moderate,4,1
A01527,2025-04-15,06:00,Morning,Market Road,18.911496,72.876692,Rainy,Wet,Urban Road,Daylight,Moderate,4,0
A01528,2025-04-16,14:00,Afternoon,Expressway,18.968313,72.912376,Cloudy,Wet,Intersection,Daylight,Moderate,3,1
A01529,2025-04-16,23:00,Night,College Road,18.984367,72.898346,Rainy,Slippery,Expressway,Dark,Moderate,3,0
A01530,2025-04-17,16:50,Afternoon,Main Highway,19.205582,72.901583,Stormy,Slippery,Intersection,Daylight,Severe,2,2
A01531,2025-04-18,03:30,Night,Expressway,19.182678,72.905681,Cloudy,Dry,Intersection,Dark,Moderate,3,0
A01532,2025-04-18,21:40,Night,Main Highway,19.146435,73.096081,Clear,Dry,Intersection,Dark,Severe,2,2
A01533,2025-04-19,12:50,Afternoon,Junction Road,19.253944,72.817605,Clear,Poor,Expressway,Daylight,Severe,4,1
A01534,2025-04-19,17:20,Evening,City Center,18.99886,73.019032,Clear,Dry,Urban Road,Daylight,Fatal,2,2
A01535,2025-04-20,00:10,Night,Main Highway,19.261762,72.943126,Foggy,Dry,Highway,Dark,Moderate,2,0
A01536,2025-04-20,15:30,Afternoon,Ring Road,19.263788,72.89477,Cloudy,Dry,Residential Road,Daylight,Moderate,1,0
A01537,2025-04-21,12:20,Afternoon,Industrial Area,19.073704,72.971735,Clear,Dry,Intersection,Daylight,Minor,3,1
A01538,2025-04-21,09:40,Morning,College Road,18.937754,73.048736,Clear,Dry,Residential Road,Daylight,Moderate,2,0
A01539,2025-04-22,11:00,Morning,Residential Area,19.190624,72.913323,Cloudy,Wet,Intersection,Daylight,Minor,2,1
A01540,2025-04-23,01:40,Night,College Road,19.034771,73.05268,Cloudy,Dry,Expressway,Dark,Minor,2,1
A01541,2025-04-23,22:50,Night,College Road,19.217972,72.782829,Clear,Dry,Highway,Dark,Minor,2,0
A01542,2025-04-24,02:10,Night,Main Highway,18.965476,72.978579,Stormy,Slippery,Highway,Dark,Severe,2,1
A01543,2025-04-24,09:50,Morning,Main Highway,19.115806,72.866613,Cloudy,Dry,Urban Road,Daylight,Severe,2,0
A01544,2025-04-25,01:30,Night,Expressway,19.103229,72.88535,Clear,Dry,Highway,Dark,Moderate,2,0
A01545,2025-04-25,22:30,Night,Market Road,18.940126,72.949857,Foggy,Wet,Residential Road,Dark,Moderate,2,1
A01546,2025-04-26,12:10,Afternoon,Bridge Road,19.045333,72.917971,Clear,Poor,Intersection,Daylight,Moderate,2,1
A01547,2025-04-26,12:20,Afternoon,City Center,18.933902,72.883623,Foggy,Wet,Expressway,Daylight,Moderate,2,2
A01548,2025-04-27,17:20,Evening,College Road,19.085896,72.857913,Stormy,Wet,Urban Road,Daylight,Minor,4,0
A01549,2025-04-27,02:30,Night,Market Road,19.237162,72.96641,Rainy,Wet,Highway,Dark,Minor,2,0
A01550,2025-04-28,06:30,Morning,College Road,19.008082,72.926953,Rainy,Wet,Urban Road,Daylight,Minor,2,0
A01551,2025-04-29,13:00,Afternoon,Ring Road,19.205945,72.863158,Clear,Dry,Urban Road,Daylight,Moderate,2,0
A01552,2025-04-29,19:20,Evening,Junction Road,18.973371,72.821736,Foggy,Dry,Urban Road,Dusk,Moderate,2,0
A01553,2025-04-30,16:10,Afternoon,Expressway,19.169494,73.021064,Cloudy,Dry,Highway,Daylight,Moderate,1,2
A01554,2025-04-30,20:20,Evening,Main Highway,19.266215,73.0299,Rainy,Dry,Urban Road,Dusk,Fatal,1,0
A01555,2025-05-01,11:00,Morning,Market Road,19.029571,72.824826,Foggy,Wet,Urban Road,Daylight,Minor,3,0
A01556,2025-05-01,15:50,Afternoon,Expressway,19.260165,72.841577,Stormy,Wet,Intersection,Daylight,Minor,3,0
A01557,2025-05-02,23:30,Night,Airport Road,19.102168,72.8337,Rainy,Wet,Highway,Dark,Minor,2,0
A01558,2025-05-02,11:30,Morning,Ring Road,19.026722,73.059599,Clear,Dry,Highway,Daylight,Minor,3,1
A01559,2025-05-03,14:00,Afternoon,Residential Area,19.258603,73.020946,Stormy,Slippery,Highway,Daylight,Minor,1,0
A01560,2025-05-03,09:10,Morning,Market Road,18.912815,72.776101,Cloudy,Dry,Urban Road,Daylight,Minor,4,0
A01561,2025-05-04,06:30,Morning,Station Road,18.911208,73.041433,Foggy,Wet,Residential Road,Daylight,Moderate,1,2
A01562,2025-05-05,19:40,Evening,Junction Road,19.139932,72.762898,Rainy,Slippery,Expressway,Dusk,Minor,3,1
A01563,2025-05-05,04:30,Night,Residential Area,19.2187,72.83862,Clear,Dry,Urban Road,Dark,Moderate,2,0
A01564,2025-05-06,00:40,Night,Airport Road,19.200619,73.071647,Clear,Dry,Residential Road,Dark,Moderate,4,2
A01565,2025-05-06,16:00,Afternoon,City Center,18.931788,73.052516,Cloudy,Dry,Urban Road,Daylight,Minor,2,0
A01566,2025-05-07,02:00,Night,Industrial Area,19.2801,73.023502,Rainy,Wet,Residential Road,Dark,Moderate,1,0
A01567,2025-05-07,12:30,Afternoon,Main Highway,19.181225,72.910142,Clear,Dry,Highway,Daylight,Minor,3,0
A01568,2025-05-08,13:20,Afternoon,Industrial Area,19.279645,72.862495,Cloudy,Dry,Urban Road,Daylight,Severe,1,1
A01569,2025-05-08,23:40,Night,Main Highway,19.031639,73.058541,Clear,Dry,Expressway,Dark,Severe,3,0
A01570,2025-05-09,17:10,Evening,Industrial Area,19.177576,72.979976,Rainy,Slippery,Expressway,Daylight,Minor,3,2
A01571,2025-05-10,03:30,Night,City Center,19.243975,72.853428,Cloudy,Dry,Residential Road,Dark,Severe,2,1
A01572,2025-05-10,17:10,Evening,Airport Road,19.052186,72.912119,Clear,Dry,Highway,Daylight,Severe,2,3
A01573,2025-05-11,04:30,Night,Airport Road,19.285944,73.058525,Clear,Dry,Highway,Dark,Severe,1,3
A01574,2025-05-11,15:20,Afternoon,Station Road,19.005997,73.066209,Clear,Dry,Intersection,Daylight,Moderate,3,0
A01575,2025-05-12,00:20,Night,Ring Road,19.026245,72.980756,Cloudy,Dry,Highway,Dark,Minor,2,1
A01576,2025-05-12,20:20,Evening,Station Road,19.268131,73.006395,Clear,Poor,Highway,Dusk,Severe,2,1
A01577,2025-05-13,13:50,Afternoon,Main Highway,19.287864,72.763754,Clear,Dry,Highway,Daylight,Minor,5,3
A01578,2025-05-13,14:20,Afternoon,Market Road,19.014078,72.96161,Foggy,Poor,Urban Road,Daylight,Minor,2,1
A01579,2025-05-14,08:00,Morning,Airport Road,18.954556,72.991147,Foggy,Poor,Highway,Daylight,Minor,5,4
A01580,2025-05-14,14:00,Afternoon,Main Highway,19.203622,72.757132,Cloudy,Dry,Urban Road,Daylight,Minor,3,2
A01581,2025-05-15,16:50,Afternoon,Station Road,19.271866,73.045351,Stormy,Wet,Urban Road,Daylight,Moderate,2,0
A01582,2025-05-16,23:40,Night,Airport Road,19.140285,73.0749,Clear,Dry,Intersection,Dark,Moderate,2,0
A01583,2025-05-16,03:10,Night,Main Highway,19.153808,72.833278,Cloudy,Dry,Highway,Dark,Severe,3,4
A01584,2025-05-17,11:30,Morning,Bridge Road,19.205177,73.046029,Cloudy,Poor,Urban Road,Daylight,Minor,2,0
A01585,2025-05-17,04:30,Night,City Center,18.961234,72.982929,Cloudy,Dry,Residential Road,Dark,Fatal,1,1
A01586,2025-05-18,04:50,Night,Airport Road,19.289388,72.953244,Clear,Wet,Residential Road,Dark,Severe,2,2
A01587,2025-05-18,10:00,Morning,Bridge Road,19.045732,73.045094,Cloudy,Dry,Urban Road,Daylight,Minor,3,0
A01588,2025-05-19,05:30,Morning,Station Road,19.151296,72.849964,Clear,Wet,Expressway,Dark,Minor,3,1
A01589,2025-05-19,06:00,Morning,Residential Area,19.087446,73.0268,Rainy,Dry,Highway,Daylight,Severe,2,2
A01590,2025-05-20,23:40,Night,Main Highway,19.087272,72.860082,Clear,Dry,Expressway,Dark,Moderate,2,1
A01591,2025-05-20,13:10,Afternoon,Bridge Road,19.181098,73.02561,Clear,Dry,Urban Road,Daylight,Severe,4,2
A01592,2025-05-21,23:40,Night,City Center,19.297865,72.907869,Clear,Dry,Highway,Dark,Moderate,5,2
A01593,2025-05-22,10:50,Morning,Industrial Area,19.163624,72.790931,Clear,Wet,Intersection,Daylight,Moderate,1,0
A01594,2025-05-22,12:20,Afternoon,Industrial Area,19.217624,72.883532,Cloudy,Poor,Residential Road,Daylight,Minor,1,1
A01595,2025-05-23,01:20,Night,College Road,18.911046,72.831723,Clear,Dry,Highway,Dark,Moderate,4,3
A01596,2025-05-23,06:20,Morning,City Center,19.224171,72.785186,Rainy,Wet,Highway,Daylight,Minor,3,0
A01597,2025-05-24,19:40,Evening,College Road,19.01999,72.7886,Clear,Dry,Highway,Dusk,Moderate,3,0
A01598,2025-05-24,03:30,Night,College Road,18.950681,73.023025,Clear,Wet,Residential Road,Dark,Severe,4,1
A01599,2025-05-25,07:10,Morning,College Road,18.945334,73.058489,Rainy,Wet,Highway,Daylight,Moderate,3,1
A01600,2025-05-25,19:20,Evening,Market Road,19.17195,73.074495,Clear,Wet,Highway,Dusk,Fatal,2,1
A01601,2025-05-26,21:50,Night,Airport Road,19.299047,73.048881,Cloudy,Dry,Highway,Dark,Moderate,3,0
A01602,2025-05-26,20:50,Evening,Junction Road,19.166478,73.040578,Rainy,Wet,Residential Road,Dusk,Moderate,3,3
A01603,2025-05-27,18:20,Evening,Airport Road,19.004939,72.774093,Clear,Dry,Expressway,Dusk,Moderate,5,1
A01604,2025-05-28,12:20,Afternoon,Industrial Area,18.981322,73.026543,Clear,Dry,Expressway,Daylight,Fatal,2,1
A01605,2025-05-28,13:10,Afternoon,Main Highway,19.110383,73.024149,Clear,Dry,Highway,Daylight,Moderate,3,0
A01606,2025-05-29,09:20,Morning,Ring Road,18.926016,72.795952,Clear,Dry,Intersection,Daylight,Minor,3,2
A01607,2025-05-29,10:10,Morning,City Center,19.059732,72.981703,Clear,Dry,Residential Road,Daylight,Fatal,2,3
A01608,2025-05-30,01:50,Night,Ring Road,19.166494,72.908378,Clear,Dry,Intersection,Dark,Moderate,2,1
A01609,2025-05-30,08:20,Morning,Station Road,19.287065,73.065005,Clear,Dry,Urban Road,Daylight,Minor,4,1
A01610,2025-05-31,16:40,Afternoon,Main Highway,19.070261,72.993393,Cloudy,Dry,Urban Road,Daylight,Moderate,2,1
A01611,2025-05-31,02:40,Night,Expressway,18.98009,73.082846,Rainy,Dry,Expressway,Dark,Severe,3,1
A01612,2025-06-01,23:50,Night,College Road,19.226945,72.786723,Cloudy,Dry,Highway,Dark,Moderate,4,2
A01613,2025-06-02,05:10,Morning,Bridge Road,19.19768,72.764213,Clear,Poor,Urban Road,Dark,Minor,2,1
A01614,2025-06-02,04:40,Night,Market Road,19.243882,73.090753,Clear,Dry,Expressway,Dark,Severe,5,3
A01615,2025-06-03,04:10,Night,Bridge Road,18.985887,72.778067,Foggy,Dry,Expressway,Dark,Severe,3,1
A01616,2025-06-03,21:40,Night,Bridge Road,19.061933,72.885169,Cloudy,Dry,Intersection,Dark,Moderate,2,1
A01617,2025-06-04,14:40,Afternoon,Ring Road,19.292622,72.97749,Rainy,Slippery,Residential Road,Daylight,Minor,2,0
A01618,2025-06-04,22:10,Night,Residential Area,18.963217,73.05802,Clear,Dry,Highway,Dark,Minor,5,4
A01619,2025-06-05,16:30,Afternoon,Expressway,19.16858,72.839102,Cloudy,Dry,Highway,Daylight,Moderate,2,1
A01620,2025-06-05,08:40,Morning,Market Road,18.994874,72.76017,Cloudy,Dry,Urban Road,Daylight,Severe,2,2
A01621,2025-06-06,02:20,Night,Station Road,19.100064,72.93245,Clear,Dry,Urban Road,Dark,Minor,2,0
A01622,2025-06-06,19:50,Evening,Junction Road,19.220204,72.914889,Cloudy,Dry,Highway,Dusk,Minor,2,0
A01623,2025-06-07,16:30,Afternoon,Market Road,19.095434,72.857413,Cloudy,Dry,Highway,Daylight,Minor,2,1
A01624,2025-06-08,09:10,Morning,College Road,19.222193,73.055865,Clear,Dry,Residential Road,Daylight,Moderate,5,1
A01625,2025-06-08,02:30,Night,College Road,19.070534,73.012263,Clear,Dry,Expressway,Dark,Minor,4,1
A01626,2025-06-09,17:00,Evening,College Road,19.299741,73.050341,Rainy,Wet,Intersection,Daylight,Minor,2,1
A01627,2025-06-09,17:00,Evening,Junction Road,19.074331,72.806633,Foggy,Dry,Expressway,Daylight,Minor,2,2
A01628,2025-06-10,16:40,Afternoon,Main Highway,18.959752,72.992344,Clear,Dry,Expressway,Daylight,Moderate,3,2
A01629,2025-06-10,23:40,Night,Expressway,19.060748,73.091286,Clear,Wet,Residential Road,Dark,Minor,1,0
A01630,2025-06-11,02:20,Night,Residential Area,19.197037,72.96417,Clear,Wet,Intersection,Dark,Minor,3,1
A01631,2025-06-11,02:50,Night,Junction Road,19.239175,72.809978,Rainy,Wet,Residential Road,Dark,Severe,4,2
A01632,2025-06-12,05:30,Morning,Expressway,19.084041,73.098523,Clear,Dry,Intersection,Dark,Minor,4,3
A01633,2025-06-12,12:00,Afternoon,Main Highway,19.137791,72.934913,Stormy,Wet,Intersection,Daylight,Minor,2,1
A01634,2025-06-13,23:40,Night,College Road,19.237956,73.044021,Clear,Dry,Intersection,Dark,Severe,2,3
A01635,2025-06-14,14:50,Afternoon,Station Road,19.225418,72.802277,Clear,Dry,Urban Road,Daylight,Moderate,1,0
A01636,2025-06-14,08:30,Morning,College Road,19.16309,72.983134,Cloudy,Dry,Highway,Daylight,Moderate,2,0
A01637,2025-06-15,03:40,Night,Main Highway,19.226011,73.069416,Rainy,Wet,Highway,Dark,Minor,2,1
A01638,2025-06-15,13:40,Afternoon,Market Road,19.130364,72.936206,Cloudy,Dry,Highway,Daylight,Severe,4,2
A01639,2025-06-16,04:00,Night,Bridge Road,18.901859,72.851031,Clear,Dry,Highway,Dark,Moderate,4,1
A01640,2025-06-16,01:00,Night,Market Road,18.916507,72.794598,Stormy,Slippery,Highway,Dark,Severe,5,1
A01641,2025-06-17,10:40,Morning,College Road,19.291923,72.853581,Clear,Dry,Urban Road,Daylight,Minor,4,2
A01642,2025-06-17,08:10,Morning,Industrial Area,18.957997,72.874209,Foggy,Wet,Urban Road,Daylight,Moderate,1,0
A01643,2025-06-18,23:40,Night,Junction Road,19.061807,72.998484,Clear,Dry,Residential Road,Dark,Severe,3,0
A01644,2025-06-18,02:50,Night,Market Road,19.273525,72.812517,Rainy,Wet,Highway,Dark,Fatal,1,0
A01645,2025-06-19,08:40,Morning,Airport Road,18.978016,72.787137,Cloudy,Dry,Residential Road,Daylight,Minor,2,2
A01646,2025-06-20,02:20,Night,Junction Road,19.237517,72.885429,Clear,Dry,Residential Road,Dark,Severe,2,2
A01647,2025-06-20,01:20,Night,Bridge Road,19.227307,72.910529,Foggy,Dry,Residential Road,Dark,Minor,3,0
A01648,2025-06-21,11:20,Morning,Airport Road,19.294532,72.969935,Clear,Wet,Intersection,Daylight,Moderate,3,2
A01649,2025-06-21,09:10,Morning,Bridge Road,19.012673,72.997636,Clear,Dry,Highway,Daylight,Minor,1,0
A01650,2025-06-22,08:10,Morning,Residential Area,19.02613,73.061247,Cloudy,Poor,Highway,Daylight,Moderate,2,0
A01651,2025-06-22,14:40,Afternoon,Junction Road,19.261151,72.851134,Clear,Dry,Urban Road,Daylight,Minor,2,0
A01652,2025-06-23,07:20,Morning,Airport Road,18.993632,72.935013,Cloudy,Dry,Highway,Daylight,Minor,1,1
A01653,2025-06-23,04:10,Night,Market Road,19.11916,72.878114,Clear,Dry,Residential Road,Dark,Minor,2,1
A01654,2025-06-24,10:00,Morning,Bridge Road,19.182938,72.750498,Clear,Dry,Urban Road,Daylight,Minor,3,0
A01655,2025-06-25,01:40,Night,Residential Area,19.008754,72.952801,Clear,Dry,Urban Road,Dark,Severe,4,0
A01656,2025-06-25,23:50,Night,Ring Road,19.275365,73.035529,Clear,Dry,Highway,Dark,Fatal,2,2
A01657,2025-06-26,14:30,Afternoon,Industrial Area,19.166279,72.762754,Cloudy,Dry,Urban Road,Daylight,Severe,3,3
A01658,2025-06-26,05:40,Morning,Expressway,18.918856,72.751222,Rainy,Dry,Residential Road,Dark,Minor,2,0
A01659,2025-06-27,07:30,Morning,City Center,18.954295,73.004736,Foggy,Dry,Residential Road,Daylight,Minor,5,2
A01660,2025-06-27,04:20,Night,Residential Area,18.976313,72.989351,Rainy,Wet,Highway,Dark,Moderate,2,3
A01661,2025-06-28,15:30,Afternoon,Market Road,18.997983,72.892048,Clear,Dry,Highway,Daylight,Fatal,4,1
A01662,2025-06-28,17:20,Evening,Junction Road,19.192271,72.981562,Clear,Dry,Highway,Daylight,Moderate,4,0
A01663,2025-06-29,05:00,Morning,Market Road,18.935574,73.083685,Clear,Wet,Highway,Dark,Severe,4,4
A01664,2025-06-29,04:30,Night,Industrial Area,19.040238,72.836752,Clear,Wet,Intersection,Dark,Fatal,1,2
A01665,2025-06-30,15:40,Afternoon,Junction Road,19.264553,72.836074,Cloudy,Wet,Highway,Daylight,Severe,3,0
A01666,2025-07-01,12:20,Afternoon,Industrial Area,19.122667,72.815181,Clear,Dry,Expressway,Daylight,Minor,2,0
A01667,2025-07-01,04:40,Night,Residential Area,19.006199,73.003395,Clear,Dry,Intersection,Dark,Minor,1,1
A01668,2025-07-02,12:10,Afternoon,College Road,19.282823,72.873616,Foggy,Dry,Highway,Daylight,Moderate,1,1
A01669,2025-07-02,16:20,Afternoon,Industrial Area,18.997726,73.096043,Cloudy,Poor,Urban Road,Daylight,Moderate,4,1
A01670,2025-07-03,17:30,Evening,Expressway,19.26204,73.000127,Clear,Dry,Intersection,Daylight,Minor,4,1
A01671,2025-07-03,07:20,Morning,College Road,19.190308,72.878582,Clear,Dry,Expressway,Daylight,Minor,2,1
A01672,2025-07-04,12:40,Afternoon,Ring Road,19.196208,72.802215,Clear,Dry,Urban Road,Daylight,Moderate,2,0
A01673,2025-07-04,18:00,Evening,Market Road,19.205976,72.957209,Rainy,Slippery,Expressway,Dusk,Moderate,5,1
A01674,2025-07-05,02:20,Night,Residential Area,19.102628,72.853216,Clear,Dry,Expressway,Dark,Minor,2,1
A01675,2025-07-05,23:30,Night,Industrial Area,19.225831,73.066928,Clear,Dry,Urban Road,Dark,Moderate,2,0
A01676,2025-07-06,07:10,Morning,Ring Road,19.234477,72.904492,Clear,Poor,Intersection,Daylight,Moderate,2,0
A01677,2025-07-07,01:50,Night,Residential Area,19.044195,72.852427,Cloudy,Poor,Urban Road,Dark,Moderate,3,1
A01678,2025-07-07,07:00,Morning,Bridge Road,19.060138,72.955993,Clear,Dry,Urban Road,Daylight,Minor,2,0
A01679,2025-07-08,12:10,Afternoon,City Center,19.255503,72.797941,Rainy,Wet,Intersection,Daylight,Moderate,3,1
A01680,2025-07-08,12:20,Afternoon,Bridge Road,19.109892,72.946542,Rainy,Slippery,Expressway,Daylight,Moderate,2,0
A01681,2025-07-09,00:40,Night,Main Highway,19.246777,72.769639,Rainy,Dry,Urban Road,Dark,Minor,2,1
A01682,2025-07-09,05:40,Morning,College Road,19.150708,72.962411,Clear,Dry,Highway,Dark,Severe,2,4
A01683,2025-07-10,23:30,Night,Expressway,19.137427,72.935557,Rainy,Wet,Residential Road,Dark,Minor,1,0
A01684,2025-07-10,18:40,Evening,Main Highway,18.912392,72.932268,Cloudy,Dry,Residential Road,Dusk,Minor,2,0
A01685,2025-07-11,15:00,Afternoon,Station Road,19.011158,72.989458,Clear,Wet,Residential Road,Daylight,Moderate,2,0
A01686,2025-07-11,07:40,Morning,Ring Road,19.100823,72.76556,Cloudy,Dry,Intersection,Daylight,Minor,3,1
A01687,2025-07-12,00:30,Night,College Road,19.134927,72.910906,Clear,Dry,Intersection,Dark,Minor,2,0
A01688,2025-07-13,15:50,Afternoon,Ring Road,19.152174,72.905414,Clear,Dry,Urban Road,Daylight,Severe,3,5
A01689,2025-07-13,08:20,Morning,Bridge Road,19.186489,72.910924,Rainy,Dry,Highway,Daylight,Minor,5,1
A01690,2025-07-14,12:20,Afternoon,Airport Road,19.162493,73.092962,Clear,Dry,Urban Road,Daylight,Fatal,4,5
A01691,2025-07-14,10:40,Morning,College Road,19.239431,72.798747,Cloudy,Dry,Residential Road,Daylight,Moderate,5,4
A01692,2025-07-15,12:10,Afternoon,Market Road,19.018188,72.99165,Clear,Dry,Residential Road,Daylight,Minor,2,1
A01693,2025-07-15,20:20,Evening,Ring Road,19.156628,72.890699,Rainy,Slippery,Urban Road,Dusk,Minor,2,1
A01694,2025-07-16,09:50,Morning,Market Road,18.920464,72.929104,Stormy,Wet,Urban Road,Daylight,Moderate,4,2
A01695,2025-07-16,03:40,Night,Airport Road,19.092076,73.016838,Foggy,Dry,Urban Road,Dark,Moderate,4,1
A01696,2025-07-17,05:30,Morning,Industrial Area,19.007213,72.805081,Clear,Dry,Urban Road,Dark,Minor,4,1
A01697,2025-07-18,06:50,Morning,Ring Road,19.052355,73.017255,Clear,Poor,Urban Road,Daylight,Minor,3,1
A01698,2025-07-18,04:40,Night,Main Highway,19.041865,72.774616,Cloudy,Dry,Highway,Dark,Severe,3,4
A01699,2025-07-19,10:50,Morning,Ring Road,18.924172,72.919158,Clear,Dry,Urban Road,Daylight,Minor,1,0
A01700,2025-07-19,12:20,Afternoon,Junction Road,19.086658,73.009725,Clear,Dry,Urban Road,Daylight,Severe,3,1
A01701,2025-07-20,18:30,Evening,Industrial Area,19.297852,72.817393,Cloudy,Dry,Residential Road,Dusk,Moderate,1,2
A01702,2025-07-20,22:40,Night,Bridge Road,19.019574,73.01982,Cloudy,Dry,Highway,Dark,Moderate,2,2
A01703,2025-07-21,09:00,Morning,Residential Area,19.194458,72.808384,Stormy,Slippery,Expressway,Daylight,Minor,2,1
A01704,2025-07-21,09:30,Morning,Expressway,19.119115,73.029734,Clear,Dry,Residential Road,Daylight,Minor,2,1
A01705,2025-07-22,10:00,Morning,Main Highway,19.03009,72.914127,Clear,Dry,Residential Road,Daylight,Severe,1,3
A01706,2025-07-22,20:50,Evening,Main Highway,18.935843,72.989623,Clear,Poor,Residential Road,Dusk,Minor,3,2
A01707,2025-07-23,06:10,Morning,Airport Road,18.986343,73.071092,Foggy,Dry,Urban Road,Daylight,Minor,4,4
A01708,2025-07-24,17:30,Evening,Bridge Road,19.212741,72.892948,Rainy,Slippery,Urban Road,Daylight,Moderate,3,3
A01709,2025-07-24,03:50,Night,Main Highway,19.011608,72.831535,Rainy,Wet,Intersection,Dark,Minor,2,1
A01710,2025-07-25,01:00,Night,City Center,18.957721,73.053507,Foggy,Dry,Expressway,Dark,Moderate,5,1
A01711,2025-07-25,13:20,Afternoon,Market Road,19.032519,72.806566,Cloudy,Dry,Intersection,Daylight,Severe,2,2
A01712,2025-07-26,12:20,Afternoon,College Road,19.133617,72.971017,Cloudy,Dry,Expressway,Daylight,Moderate,3,1
A01713,2025-07-26,11:10,Morning,City Center,19.181385,73.073139,Clear,Dry,Highway,Daylight,Severe,2,0
A01714,2025-07-27,06:30,Morning,Residential Area,19.054946,72.986039,Cloudy,Dry,Highway,Daylight,Severe,2,2
A01715,2025-07-27,01:30,Night,Ring Road,19.099259,72.818488,Cloudy,Dry,Residential Road,Dark,Minor,3,1
A01716,2025-07-28,12:30,Afternoon,Junction Road,19.081967,72.803299,Cloudy,Wet,Urban Road,Daylight,Minor,3,3
A01717,2025-07-28,13:50,Afternoon,Junction Road,18.903601,72.838307,Foggy,Dry,Urban Road,Daylight,Moderate,1,0
A01718,2025-07-29,16:10,Afternoon,Bridge Road,19.05824,72.886992,Stormy,Dry,Expressway,Daylight,Moderate,2,1
A01719,2025-07-30,08:30,Morning,Station Road,19.134928,72.805706,Rainy,Wet,Urban Road,Daylight,Minor,2,0
A01720,2025-07-30,16:50,Afternoon,Junction Road,19.127978,73.029235,Rainy,Wet,Urban Road,Daylight,Fatal,2,1
A01721,2025-07-31,07:20,Morning,Station Road,19.199907,72.874962,Rainy,Slippery,Expressway,Daylight,Moderate,3,2
A01722,2025-07-31,01:00,Night,Expressway,19.16815,73.07763,Clear,Dry,Expressway,Dark,Minor,2,0
A01723,2025-08-01,23:50,Night,City Center,19.010723,73.044872,Clear,Poor,Urban Road,Dark,Moderate,2,1
A01724,2025-08-01,12:20,Afternoon,Main Highway,19.002257,73.068086,Rainy,Slippery,Expressway,Daylight,Minor,2,1
A01725,2025-08-02,02:20,Night,Ring Road,19.085657,72.853072,Rainy,Wet,Intersection,Dark,Severe,2,2
A01726,2025-08-02,15:00,Afternoon,Bridge Road,19.193188,72.950806,Clear,Dry,Urban Road,Daylight,Moderate,2,0
A01727,2025-08-03,05:20,Morning,Junction Road,18.937531,72.862507,Foggy,Dry,Highway,Dark,Minor,3,2
A01728,2025-08-04,18:10,Evening,Industrial Area,19.279331,72.839932,Clear,Dry,Highway,Dusk,Minor,2,1
A01729,2025-08-04,06:00,Morning,Ring Road,19.117261,72.96248,Clear,Dry,Urban Road,Daylight,Severe,2,3
A01730,2025-08-05,09:20,Morning,Expressway,19.022563,73.036298,Rainy,Wet,Urban Road,Daylight,Moderate,2,0
A01731,2025-08-05,08:40,Morning,Junction Road,19.177356,72.782759,Clear,Dry,Intersection,Daylight,Fatal,2,2
A01732,2025-08-06,01:50,Night,Expressway,18.91789,72.846519,Clear,Dry,Expressway,Dark,Minor,2,1
A01733,2025-08-06,14:20,Afternoon,College Road,19.093759,72.821797,Clear,Dry,Expressway,Daylight,Minor,2,1
A01734,2025-08-07,04:10,Night,Junction Road,19.094388,73.029423,Rainy,Wet,Intersection,Dark,Minor,2,0
A01735,2025-08-07,21:30,Night,Airport Road,18.96479,73.07668,Clear,Wet,Intersection,Dark,Moderate,1,0
A01736,2025-08-08,03:20,Night,Bridge Road,19.234955,72.77798,Cloudy,Dry,Urban Road,Dark,Minor,4,3
A01737,2025-08-08,19:30,Evening,Ring Road,19.218725,72.882725,Cloudy,Dry,Highway,Dusk,Minor,3,0
A01738,2025-08-09,03:40,Night,Bridge Road,18.961093,73.070078,Clear,Wet,Expressway,Dark,Moderate,3,2
A01739,2025-08-10,17:20,Evening,Industrial Area,19.045531,72.870623,Stormy,Wet,Urban Road,Daylight,Moderate,2,0
A01740,2025-08-10,03:00,Night,Main Highway,18.940172,72.999432,Clear,Wet,Urban Road,Dark,Minor,3,2
A01741,2025-08-11,16:30,Afternoon,Residential Area,19.239444,72.785233,Stormy,Wet,Residential Road,Daylight,Moderate,4,3
A01742,2025-08-11,11:40,Morning,Airport Road,19.029328,72.905536,Cloudy,Dry,Intersection,Daylight,Moderate,3,1
A01743,2025-08-12,21:00,Night,Airport Road,19.075727,72.926155,Stormy,Wet,Urban Road,Dark,Minor,2,0
A01744,2025-08-12,16:00,Afternoon,Junction Road,19.029549,73.015182,Clear,Dry,Expressway,Daylight,Minor,2,0
A01745,2025-08-13,09:00,Morning,Main Highway,19.02401,72.851089,Cloudy,Dry,Urban Road,Daylight,Minor,2,0
A01746,2025-08-13,21:00,Night,College Road,19.198921,72.842466,Clear,Dry,Residential Road,Dark,Moderate,2,0
A01747,2025-08-14,00:20,Night,Station Road,19.199026,72.856039,Clear,Wet,Highway,Dark,Severe,2,2
A01748,2025-08-14,21:50,Night,Junction Road,19.107115,72.944494,Cloudy,Dry,Intersection,Dark,Minor,4,0
A01749,2025-08-15,23:20,Night,Residential Area,19.163047,73.056602,Clear,Dry,Highway,Dark,Minor,3,2
A01750,2025-08-16,17:20,Evening,City Center,19.104665,73.040829,Cloudy,Dry,Residential Road,Daylight,Severe,2,1
A01751,2025-08-16,17:40,Evening,City Center,18.911436,72.770281,Clear,Dry,Highway,Daylight,Fatal,1,1
A01752,2025-08-17,13:40,Afternoon,Expressway,18.926403,73.057634,Clear,Dry,Urban Road,Daylight,Moderate,2,1
A01753,2025-08-17,14:50,Afternoon,Residential Area,19.053496,72.783288,Rainy,Wet,Urban Road,Daylight,Fatal,1,1
A01754,2025-08-18,11:40,Morning,College Road,19.199899,72.895372,Clear,Dry,Urban Road,Daylight,Moderate,2,0
A01755,2025-08-18,03:10,Night,College Road,19.26529,73.017892,Cloudy,Dry,Highway,Dark,Moderate,2,1
A01756,2025-08-19,02:50,Night,Industrial Area,18.911883,72.778529,Cloudy,Dry,Urban Road,Dark,Minor,2,0
A01757,2025-08-19,19:40,Evening,Expressway,19.047212,72.76414,Rainy,Dry,Residential Road,Dusk,Moderate,5,2
A01758,2025-08-20,11:50,Morning,Market Road,18.989513,72.865499,Clear,Wet,Residential Road,Daylight,Minor,2,0
A01759,2025-08-20,06:20,Morning,Ring Road,19.226082,73.005474,Rainy,Slippery,Highway,Daylight,Severe,2,3
A01760,2025-08-21,10:20,Morning,Junction Road,19.238387,72.932615,Stormy,Slippery,Expressway,Daylight,Severe,2,2
A01761,2025-08-22,00:50,Night,College Road,18.982564,72.895951,Rainy,Wet,Highway,Dark,Moderate,2,0
A01762,2025-08-22,05:10,Morning,City Center,19.184331,73.034576,Cloudy,Dry,Urban Road,Dark,Minor,2,0
A01763,2025-08-23,14:10,Afternoon,Main Highway,19.192702,73.018348,Cloudy,Dry,Urban Road,Daylight,Minor,3,2
A01764,2025-08-23,14:50,Afternoon,Expressway,18.970823,73.025115,Rainy,Wet,Residential Road,Daylight,Minor,2,0
A01765,2025-08-24,18:40,Evening,City Center,19.073478,72.910904,Cloudy,Poor,Urban Road,Dusk,Minor,2,1
A01766,2025-08-24,10:30,Morning,Junction Road,19.148135,72.756807,Clear,Dry,Intersection,Daylight,Moderate,3,0
A01767,2025-08-25,22:10,Night,Market Road,18.910427,72.810248,Clear,Dry,Urban Road,Dark,Severe,1,1
A01768,2025-08-25,01:00,Night,Residential Area,19.061837,73.009455,Rainy,Wet,Highway,Dark,Minor,2,0
A01769,2025-08-26,13:20,Afternoon,Market Road,18.961983,73.013611,Clear,Dry,Urban Road,Daylight,Minor,2,1
A01770,2025-08-27,01:50,Night,Bridge Road,19.116759,73.090305,Rainy,Wet,Intersection,Dark,Moderate,3,2
A01771,2025-08-27,03:00,Night,Ring Road,19.237167,72.816565,Clear,Dry,Residential Road,Dark,Minor,2,2
A01772,2025-08-28,16:50,Afternoon,Bridge Road,19.109902,72.793024,Cloudy,Dry,Expressway,Daylight,Severe,2,1
A01773,2025-08-28,02:20,Night,Industrial Area,18.914393,72.798576,Clear,Dry,Intersection,Dark,Minor,3,1
A01774,2025-08-29,12:20,Afternoon,College Road,18.911863,72.814676,Clear,Dry,Intersection,Daylight,Minor,2,0
A01775,2025-08-29,08:10,Morning,Industrial Area,19.142201,72.934964,Stormy,Wet,Expressway,Daylight,Minor,2,1
A01776,2025-08-30,06:10,Morning,Market Road,19.031193,73.091324,Foggy,Dry,Highway,Daylight,Minor,1,0
A01777,2025-08-30,14:00,Afternoon,Bridge Road,19.129067,72.956301,Cloudy,Dry,Expressway,Daylight,Moderate,3,2
A01778,2025-08-31,22:50,Night,Main Highway,18.965455,72.932941,Cloudy,Dry,Highway,Dark,Minor,4,3
A01779,2025-08-31,10:20,Morning,Junction Road,19.210745,72.985675,Rainy,Dry,Expressway,Daylight,Moderate,5,2
A01780,2025-09-01,19:00,Evening,Ring Road,19.244288,72.775876,Cloudy,Dry,Residential Road,Dusk,Moderate,4,0
A01781,2025-09-02,01:30,Night,Expressway,19.25569,73.035374,Cloudy,Wet,Expressway,Dark,Minor,3,2
A01782,2025-09-02,14:00,Afternoon,Main Highway,19.02163,72.976408,Clear,Poor,Urban Road,Daylight,Minor,3,0
A01783,2025-09-03,13:40,Afternoon,Expressway,19.164294,72.809917,Cloudy,Dry,Residential Road,Daylight,Moderate,3,0
A01784,2025-09-03,19:00,Evening,Main Highway,19.011617,72.97075,Rainy,Slippery,Intersection,Dusk,Moderate,2,0
A01785,2025-09-04,21:40,Night,Main Highway,19.205103,72.958673,Stormy,Slippery,Highway,Dark,Severe,3,1
A01786,2025-09-04,10:40,Morning,Residential Area,18.94821,72.772699,Clear,Dry,Urban Road,Daylight,Minor,2,1
A01787,2025-09-05,02:40,Night,College Road,19.205106,72.843426,Rainy,Wet,Residential Road,Dark,Minor,2,1
A01788,2025-09-05,16:30,Afternoon,College Road,19.075891,72.88683,Cloudy,Poor,Intersection,Daylight,Minor,3,1
A01789,2025-09-06,11:00,Morning,Bridge Road,19.24222,72.835711,Clear,Dry,Highway,Daylight,Moderate,2,2
A01790,2025-09-06,23:00,Night,Main Highway,19.195572,72.835107,Clear,Dry,Highway,Dark,Moderate,2,0
A01791,2025-09-07,20:30,Evening,Airport Road,19.050608,72.950532,Clear,Dry,Highway,Dusk,Severe,2,0
A01792,2025-09-08,14:20,Afternoon,Ring Road,19.261416,72.914801,Clear,Wet,Highway,Daylight,Moderate,4,2
A01793,2025-09-08,15:10,Afternoon,Airport Road,19.013335,72.983552,Clear,Dry,Intersection,Daylight,Minor,3,0
A01794,2025-09-09,04:00,Night,Industrial Area,19.286795,73.084742,Rainy,Wet,Residential Road,Dark,Moderate,2,2
A01795,2025-09-09,19:10,Evening,Bridge Road,19.206881,72.981195,Rainy,Slippery,Residential Road,Dusk,Severe,2,3
A01796,2025-09-10,05:50,Morning,Ring Road,19.29627,72.953734,Cloudy,Dry,Urban Road,Dark,Minor,2,0
A01797,2025-09-10,18:50,Evening,Market Road,18.921562,73.046646,Foggy,Dry,Expressway,Dusk,Moderate,1,1
A01798,2025-09-11,04:30,Night,Bridge Road,19.009614,72.971226,Clear,Dry,Highway,Dark,Fatal,2,0
A01799,2025-09-11,02:50,Night,Industrial Area,19.196506,72.807946,Clear,Dry,Urban Road,Dark,Moderate,3,3
A01800,2025-09-12,00:50,Night,Industrial Area,19.2689,72.860162,Cloudy,Dry,Urban Road,Dark,Moderate,2,1
A01801,2025-09-12,05:20,Morning,Industrial Area,18.911508,73.006676,Clear,Dry,Highway,Dark,Minor,2,1
A01802,2025-09-13,14:20,Afternoon,Airport Road,18.900004,73.008434,Clear,Dry,Urban Road,Daylight,Minor,1,0
A01803,2025-09-14,01:20,Night,Expressway,19.002497,73.095453,Clear,Poor,Urban Road,Dark,Minor,2,0
A01804,2025-09-14,02:50,Night,Expressway,19.241111,72.969441,Clear,Dry,Highway,Dark,Moderate,1,1
A01805,2025-09-15,16:30,Afternoon,College Road,19.206861,73.064841,Rainy,Wet,Highway,Daylight,Minor,2,1
A01806,2025-09-15,23:40,Night,Ring Road,19.036111,72.769103,Clear,Dry,Expressway,Dark,Severe,2,0
A01807,2025-09-16,11:40,Morning,Expressway,18.900805,72.948178,Cloudy,Wet,Highway,Daylight,Severe,4,5
A01808,2025-09-16,17:10,Evening,Market Road,19.121882,73.071947,Clear,Dry,Intersection,Daylight,Moderate,3,1
A01809,2025-09-17,14:40,Afternoon,Station Road,18.995182,72.850535,Rainy,Wet,Highway,Daylight,Minor,2,0
A01810,2025-09-17,11:40,Morning,Station Road,19.198244,72.804207,Clear,Dry,Expressway,Daylight,Minor,2,0
A01811,2025-09-18,15:20,Afternoon,Main Highway,19.07854,72.872679,Rainy,Slippery,Intersection,Daylight,Severe,3,3
A01812,2025-09-19,07:20,Morning,Residential Area,19.171441,73.027283,Clear,Dry,Intersection,Daylight,Moderate,1,1
A01813,2025-09-19,13:50,Afternoon,Bridge Road,19.240924,72.779645,Clear,Dry,Intersection,Daylight,Moderate,3,2
A01814,2025-09-20,16:10,Afternoon,Residential Area,19.114304,72.960119,Cloudy,Dry,Urban Road,Daylight,Minor,4,2
A01815,2025-09-20,20:00,Evening,Junction Road,19.034382,72.797471,Clear,Wet,Urban Road,Dusk,Moderate,2,0
A01816,2025-09-21,07:10,Morning,Station Road,19.207817,72.902436,Clear,Dry,Urban Road,Daylight,Moderate,3,1
A01817,2025-09-21,14:10,Afternoon,Station Road,19.006075,73.088092,Clear,Dry,Highway,Daylight,Moderate,3,0
A01818,2025-09-22,13:30,Afternoon,Junction Road,19.256608,72.8183,Foggy,Dry,Highway,Daylight,Moderate,2,1
A01819,2025-09-22,17:50,Evening,City Center,18.928571,72.761906,Clear,Poor,Intersection,Daylight,Severe,3,1
A01820,2025-09-23,19:30,Evening,Market Road,19.234187,72.899521,Rainy,Wet,Residential Road,Dusk,Minor,2,0
A01821,2025-09-23,06:10,Morning,City Center,18.936622,72.952193,Clear,Poor,Residential Road,Daylight,Minor,2,0
A01822,2025-09-24,02:10,Night,Main Highway,18.922455,72.854131,Clear,Wet,Intersection,Dark,Moderate,3,0
A01823,2025-09-25,11:10,Morning,City Center,19.045303,72.939619,Clear,Dry,Residential Road,Daylight,Minor,3,2
A01824,2025-09-25,20:40,Evening,Bridge Road,19.28262,73.083691,Foggy,Dry,Residential Road,Dusk,Moderate,4,4
A01825,2025-09-26,23:30,Night,Airport Road,19.293394,72.85912,Clear,Dry,Expressway,Dark,Moderate,2,2
A01826,2025-09-26,02:10,Night,Junction Road,18.980828,72.858299,Clear,Dry,Highway,Dark,Severe,2,1
A01827,2025-09-27,19:20,Evening,Main Highway,18.959455,72.918969,Clear,Dry,Urban Road,Dusk,Moderate,2,1
A01828,2025-09-27,13:50,Afternoon,Airport Road,19.041181,72.930361,Clear,Dry,Intersection,Daylight,Minor,1,0
A01829,2025-09-28,14:50,Afternoon,Main Highway,19.034835,72.750478,Clear,Poor,Intersection,Daylight,Minor,2,0
A01830,2025-09-28,13:20,Afternoon,City Center,19.203837,72.965556,Cloudy,Dry,Intersection,Daylight,Severe,2,1
A01831,2025-09-29,06:50,Morning,Station Road,19.0776,73.099075,Clear,Wet,Urban Road,Daylight,Minor,2,0
A01832,2025-09-29,16:40,Afternoon,Airport Road,19.211953,72.852203,Clear,Dry,Intersection,Daylight,Moderate,2,1
A01833,2025-09-30,11:40,Morning,Ring Road,19.199485,72.970784,Rainy,Wet,Highway,Daylight,Severe,2,3
A01834,2025-10-01,19:00,Evening,Main Highway,19.131324,72.751618,Clear,Wet,Highway,Dusk,Minor,5,1
A01835,2025-10-01,03:00,Night,Residential Area,19.233405,72.961514,Clear,Dry,Urban Road,Dark,Minor,3,0
A01836,2025-10-02,08:00,Morning,College Road,18.978259,72.906474,Clear,Dry,Urban Road,Daylight,Moderate,1,0
A01837,2025-10-02,05:50,Morning,Ring Road,18.964724,72.935603,Cloudy,Dry,Urban Road,Dark,Severe,4,2
A01838,2025-10-03,15:40,Afternoon,Expressway,19.20026,72.940367,Clear,Dry,Urban Road,Daylight,Minor,3,1
A01839,2025-10-03,21:40,Night,Ring Road,18.997919,72.811934,Cloudy,Dry,Highway,Dark,Severe,4,2
A01840,2025-10-04,21:40,Night,Industrial Area,18.901118,73.019489,Clear,Dry,Urban Road,Dark,Moderate,2,0
A01841,2025-10-04,20:20,Evening,Industrial Area,19.264784,72.944414,Cloudy,Dry,Expressway,Dusk,Fatal,2,0
A01842,2025-10-05,20:40,Evening,Industrial Area,19.149175,72.844568,Clear,Poor,Residential Road,Dusk,Minor,4,1
A01843,2025-10-05,01:20,Night,Market Road,19.077975,73.078084,Cloudy,Dry,Highway,Dark,Minor,2,2
A01844,2025-10-06,23:00,Night,Station Road,19.190295,72.754471,Rainy,Dry,Urban Road,Dark,Severe,4,4
A01845,2025-10-07,07:00,Morning,Residential Area,19.033333,73.004078,Cloudy,Dry,Residential Road,Daylight,Severe,3,1
A01846,2025-10-07,10:50,Morning,College Road,19.281466,72.883432,Clear,Dry,Urban Road,Daylight,Moderate,5,2
A01847,2025-10-08,12:00,Afternoon,Bridge Road,18.927448,72.932891,Clear,Dry,Urban Road,Daylight,Moderate,2,1
A01848,2025-10-08,16:50,Afternoon,Airport Road,19.156379,72.852028,Clear,Dry,Residential Road,Daylight,Severe,2,1
A01849,2025-10-09,07:10,Morning,Ring Road,19.210916,72.862438,Clear,Wet,Intersection,Daylight,Minor,2,0
A01850,2025-10-09,20:10,Evening,Market Road,19.08765,72.755308,Clear,Dry,Highway,Dusk,Moderate,5,1
A01851,2025-10-10,17:30,Evening,Airport Road,19.201987,73.005446,Rainy,Wet,Urban Road,Daylight,Severe,2,2
A01852,2025-10-10,17:50,Evening,Market Road,19.270764,72.998779,Clear,Dry,Urban Road,Daylight,Minor,2,1
A01853,2025-10-11,13:30,Afternoon,City Center,19.197598,72.979025,Clear,Dry,Residential Road,Daylight,Minor,2,3
A01854,2025-10-12,14:30,Afternoon,Market Road,19.023747,73.057283,Cloudy,Poor,Highway,Daylight,Severe,2,3
A01855,2025-10-12,05:10,Morning,City Center,19.124739,73.065444,Cloudy,Wet,Highway,Dark,Minor,2,0
A01856,2025-10-13,10:50,Morning,City Center,19.264641,72.944756,Clear,Dry,Urban Road,Daylight,Minor,2,0
A01857,2025-10-13,12:10,Afternoon,Bridge Road,19.079639,72.989688,Rainy,Wet,Intersection,Daylight,Fatal,4,0
A01858,2025-10-14,00:30,Night,Expressway,19.172679,72.753849,Clear,Dry,Expressway,Dark,Moderate,1,0
A01859,2025-10-14,05:50,Morning,College Road,19.086206,73.04622,Rainy,Wet,Residential Road,Dark,Severe,4,2
A01860,2025-10-15,08:30,Morning,Bridge Road,18.948538,73.035745,Rainy,Dry,Expressway,Daylight,Severe,3,2
A01861,2025-10-15,07:40,Morning,Market Road,18.923439,72.757087,Rainy,Wet,Highway,Daylight,Minor,3,2
A01862,2025-10-16,10:50,Morning,Station Road,19.28091,72.939989,Cloudy,Dry,Intersection,Daylight,Minor,3,1
A01863,2025-10-16,21:50,Night,City Center,19.145017,73.067329,Clear,Dry,Residential Road,Dark,Minor,2,0
A01864,2025-10-17,18:30,Evening,Expressway,18.941526,72.813486,Clear,Poor,Urban Road,Dusk,Minor,2,0
A01865,2025-10-18,23:40,Night,Expressway,19.242975,72.873426,Cloudy,Dry,Expressway,Dark,Moderate,3,0
A01866,2025-10-18,08:20,Morning,College Road,19.109077,72.865869,Clear,Dry,Expressway,Daylight,Moderate,2,1
A01867,2025-10-19,16:10,Afternoon,Market Road,19.208773,72.874579,Rainy,Wet,Expressway,Daylight,Moderate,2,1
A01868,2025-10-19,11:30,Morning,Ring Road,18.950702,72.76466,Clear,Dry,Highway,Daylight,Minor,1,1
A01869,2025-10-20,13:50,Afternoon,College Road,19.262764,72.847656,Clear,Dry,Intersection,Daylight,Minor,3,0
A01870,2025-10-20,14:10,Afternoon,Ring Road,19.136214,72.8532,Clear,Dry,Intersection,Daylight,Moderate,2,0
A01871,2025-10-21,15:10,Afternoon,City Center,19.195304,73.053055,Clear,Dry,Urban Road,Daylight,Moderate,2,1
A01872,2025-10-21,21:10,Night,Airport Road,18.912552,72.873241,Cloudy,Dry,Highway,Dark,Minor,2,2
A01873,2025-10-22,21:20,Night,Residential Area,19.026122,72.906526,Rainy,Wet,Highway,Dark,Moderate,5,1
A01874,2025-10-22,19:00,Evening,City Center,19.006978,72.883258,Cloudy,Dry,Intersection,Dusk,Minor,2,0
A01875,2025-10-23,00:30,Night,Industrial Area,19.279838,72.792236,Rainy,Wet,Residential Road,Dark,Minor,3,0
A01876,2025-10-24,09:00,Morning,Industrial Area,18.974135,73.096625,Foggy,Dry,Urban Road,Daylight,Moderate,3,2
A01877,2025-10-24,07:00,Morning,Station Road,19.182821,73.039039,Rainy,Wet,Urban Road,Daylight,Minor,3,0
A01878,2025-10-25,17:00,Evening,College Road,18.917101,72.939322,Clear,Dry,Urban Road,Daylight,Moderate,2,3
A01879,2025-10-25,00:10,Night,Residential Area,18.979074,72.916728,Rainy,Slippery,Residential Road,Dark,Minor,3,0
A01880,2025-10-26,01:40,Night,Ring Road,19.035439,72.977239,Clear,Dry,Urban Road,Dark,Minor,2,0
A01881,2025-10-26,00:10,Night,Main Highway,19.217802,72.864251,Clear,Dry,Intersection,Dark,Minor,2,1
A01882,2025-10-27,00:10,Night,Industrial Area,19.215991,72.767599,Cloudy,Dry,Residential Road,Dark,Severe,3,2
A01883,2025-10-27,08:50,Morning,Residential Area,19.281041,72.891511,Clear,Dry,Expressway,Daylight,Moderate,3,0
A01884,2025-10-28,12:50,Afternoon,Station Road,19.266707,73.094392,Clear,Dry,Urban Road,Daylight,Fatal,3,5
A01885,2025-10-29,00:00,Night,Market Road,18.932606,72.813821,Clear,Wet,Highway,Dark,Moderate,4,0
A01886,2025-10-29,12:10,Afternoon,Junction Road,19.231947,72.934697,Clear,Dry,Urban Road,Daylight,Moderate,2,1
A01887,2025-10-30,19:00,Evening,Residential Area,19.080469,72.752982,Foggy,Dry,Urban Road,Dusk,Minor,4,1
A01888,2025-10-30,21:50,Night,Market Road,19.246354,72.792711,Clear,Dry,Highway,Dark,Minor,2,2
A01889,2025-10-31,06:40,Morning,College Road,18.935715,72.955517,Clear,Dry,Intersection,Daylight,Minor,3,2
A01890,2025-10-31,01:30,Night,Bridge Road,19.229108,72.854095,Clear,Dry,Urban Road,Dark,Minor,2,0
A01891,2025-11-01,05:00,Morning,Market Road,18.963857,73.06699,Clear,Dry,Highway,Dark,Moderate,2,1
A01892,2025-11-01,06:40,Morning,College Road,19.033537,72.892159,Foggy,Wet,Highway,Daylight,Minor,2,1
A01893,2025-11-02,13:30,Afternoon,City Center,18.911539,72.822812,Clear,Dry,Urban Road,Daylight,Minor,2,2
A01894,2025-11-02,17:20,Evening,College Road,18.949491,72.940957,Cloudy,Poor,Intersection,Daylight,Minor,2,1
A01895,2025-11-03,14:00,Afternoon,Ring Road,19.07829,73.028241,Rainy,Slippery,Urban Road,Daylight,Moderate,2,2
A01896,2025-11-04,01:00,Night,Junction Road,19.227335,72.756797,Foggy,Wet,Urban Road,Dark,Moderate,1,1
A01897,2025-11-04,09:20,Morning,Residential Area,19.209468,72.926932,Cloudy,Dry,Residential Road,Daylight,Severe,2,2
A01898,2025-11-05,22:20,Night,Junction Road,18.994119,73.020699,Rainy,Dry,Urban Road,Dark,Minor,1,0
A01899,2025-11-05,11:00,Morning,Airport Road,18.960676,72.786256,Clear,Dry,Highway,Daylight,Minor,2,1
A01900,2025-11-06,16:20,Afternoon,Bridge Road,19.055705,73.065979,Clear,Dry,Highway,Daylight,Minor,1,1
A01901,2025-11-06,07:10,Morning,Expressway,19.253307,72.842581,Clear,Poor,Urban Road,Daylight,Severe,2,2
A01902,2025-11-07,10:30,Morning,Market Road,18.93657,72.809711,Foggy,Poor,Highway,Daylight,Minor,4,0
A01903,2025-11-07,02:30,Night,Bridge Road,19.117166,72.95624,Clear,Dry,Highway,Dark,Moderate,4,1
A01904,2025-11-08,05:30,Morning,Residential Area,18.935523,72.811261,Clear,Dry,Expressway,Dark,Moderate,1,0
A01905,2025-11-08,08:10,Morning,Residential Area,19.088085,72.987896,Clear,Dry,Highway,Daylight,Minor,3,0
A01906,2025-11-09,05:20,Morning,Market Road,18.950717,72.921536,Clear,Dry,Expressway,Dark,Minor,3,1
A01907,2025-11-10,08:40,Morning,Station Road,18.932135,72.788485,Clear,Dry,Expressway,Daylight,Minor,2,0
A01908,2025-11-10,06:20,Morning,Airport Road,18.97634,73.069372,Stormy,Wet,Urban Road,Daylight,Severe,3,1
A01909,2025-11-11,08:00,Morning,Market Road,19.002102,72.985622,Clear,Dry,Urban Road,Daylight,Moderate,2,1
A01910,2025-11-11,17:50,Evening,Main Highway,19.010506,72.941098,Cloudy,Dry,Highway,Daylight,Moderate,2,1
A01911,2025-11-12,11:30,Morning,Bridge Road,19.158107,72.881019,Rainy,Slippery,Expressway,Daylight,Moderate,2,0
A01912,2025-11-12,07:20,Morning,Main Highway,18.921993,72.797201,Clear,Dry,Residential Road,Daylight,Moderate,1,0
A01913,2025-11-13,07:40,Morning,Expressway,18.932324,72.997631,Clear,Dry,Residential Road,Daylight,Moderate,3,1
A01914,2025-11-13,17:00,Evening,Bridge Road,18.975482,73.03478,Clear,Dry,Highway,Daylight,Minor,2,2
A01915,2025-11-14,19:10,Evening,Junction Road,19.248825,72.794037,Clear,Poor,Intersection,Dusk,Minor,2,0
A01916,2025-11-14,14:10,Afternoon,City Center,19.151442,72.923099,Cloudy,Dry,Highway,Daylight,Minor,2,1
A01917,2025-11-15,06:40,Morning,Bridge Road,19.192148,72.919696,Clear,Dry,Urban Road,Daylight,Moderate,3,0
A01918,2025-11-16,10:00,Morning,Residential Area,19.048145,72.872469,Clear,Poor,Urban Road,Daylight,Minor,3,1
A01919,2025-11-16,19:30,Evening,College Road,18.985288,73.02627,Cloudy,Dry,Highway,Dusk,Moderate,3,1
A01920,2025-11-17,15:20,Afternoon,Main Highway,18.915185,72.784835,Foggy,Dry,Urban Road,Daylight,Minor,2,0
A01921,2025-11-17,03:00,Night,Main Highway,19.095414,72.821757,Rainy,Dry,Expressway,Dark,Severe,2,2
A01922,2025-11-18,05:10,Morning,Industrial Area,19.129712,72.750561,Rainy,Wet,Expressway,Dark,Minor,2,1
A01923,2025-11-18,21:40,Night,Bridge Road,19.258801,72.880545,Rainy,Wet,Intersection,Dark,Minor,2,1
A01924,2025-11-19,02:40,Night,Airport Road,19.252837,72.851912,Clear,Dry,Urban Road,Dark,Severe,2,3
A01925,2025-11-19,08:20,Morning,Ring Road,19.069874,73.053448,Rainy,Wet,Residential Road,Daylight,Minor,2,0
A01926,2025-11-20,09:40,Morning,Main Highway,19.069431,73.011034,Clear,Wet,Highway,Daylight,Fatal,3,1
A01927,2025-11-21,13:40,Afternoon,Expressway,18.964449,72.779565,Cloudy,Wet,Urban Road,Daylight,Minor,4,1
A01928,2025-11-21,10:00,Morning,Bridge Road,19.00298,73.009335,Cloudy,Wet,Highway,Daylight,Minor,3,1
A01929,2025-11-22,17:30,Evening,Residential Area,19.270265,72.98639,Clear,Dry,Urban Road,Daylight,Moderate,2,1
A01930,2025-11-22,21:20,Night,Ring Road,18.956414,72.848603,Rainy,Wet,Urban Road,Dark,Severe,2,0
A01931,2025-11-23,11:00,Morning,Station Road,19.28748,72.755411,Foggy,Dry,Urban Road,Daylight,Minor,2,0
A01932,2025-11-23,22:30,Night,College Road,19.101895,72.790307,Clear,Dry,Residential Road,Dark,Severe,3,2
A01933,2025-11-24,11:00,Morning,Bridge Road,19.082643,72.837479,Rainy,Slippery,Intersection,Daylight,Moderate,3,3
A01934,2025-11-24,12:50,Afternoon,City Center,18.969855,73.035818,Clear,Dry,Urban Road,Daylight,Severe,5,3
A01935,2025-11-25,12:00,Afternoon,Ring Road,19.164617,72.912859,Cloudy,Dry,Intersection,Daylight,Minor,2,0
A01936,2025-11-25,18:40,Evening,Junction Road,19.083938,73.071438,Cloudy,Dry,Expressway,Dusk,Minor,3,1
A01937,2025-11-26,18:30,Evening,Station Road,19.048265,73.026202,Cloudy,Dry,Urban Road,Dusk,Severe,2,3
A01938,2025-11-27,22:20,Night,Expressway,19.005806,72.850488,Foggy,Wet,Residential Road,Dark,Severe,4,3
A01939,2025-11-27,13:20,Afternoon,Bridge Road,18.926595,73.045877,Foggy,Dry,Highway,Daylight,Moderate,3,2
A01940,2025-11-28,03:30,Night,Bridge Road,19.107731,72.790854,Rainy,Wet,Expressway,Dark,Minor,3,1
A01941,2025-11-28,12:40,Afternoon,Ring Road,19.025163,72.762641,Clear,Dry,Residential Road,Daylight,Minor,2,1
A01942,2025-11-29,07:10,Morning,Ring Road,19.183146,72.962988,Foggy,Dry,Intersection,Daylight,Moderate,3,2
A01943,2025-11-29,22:00,Night,Ring Road,19.189409,72.86961,Clear,Dry,Residential Road,Dark,Minor,2,0
A01944,2025-11-30,20:40,Evening,Market Road,19.032843,72.865299,Rainy,Dry,Expressway,Dusk,Minor,1,0
A01945,2025-11-30,22:50,Night,College Road,19.167648,72.990523,Clear,Dry,Expressway,Dark,Minor,1,1
A01946,2025-12-01,18:30,Evening,Junction Road,19.00347,73.047536,Clear,Dry,Urban Road,Dusk,Moderate,2,0
A01947,2025-12-01,11:00,Morning,Main Highway,19.190869,72.862761,Cloudy,Dry,Urban Road,Daylight,Minor,3,1
A01948,2025-12-02,17:20,Evening,Ring Road,18.906431,72.863755,Clear,Dry,Urban Road,Daylight,Moderate,1,0
A01949,2025-12-03,05:10,Morning,Ring Road,18.960644,72.936848,Clear,Dry,Urban Road,Dark,Moderate,2,0
A01950,2025-12-03,17:50,Evening,Market Road,18.998003,72.978614,Clear,Wet,Highway,Daylight,Moderate,2,1
A01951,2025-12-04,18:20,Evening,Residential Area,19.209174,72.821017,Clear,Dry,Intersection,Dusk,Minor,2,1
A01952,2025-12-04,21:30,Night,Junction Road,18.926551,73.069438,Clear,Poor,Urban Road,Dark,Minor,2,1
A01953,2025-12-05,04:00,Night,Station Road,18.975223,72.979046,Clear,Poor,Intersection,Dark,Moderate,1,0
A01954,2025-12-05,23:30,Night,Airport Road,19.04345,72.968807,Clear,Dry,Expressway,Dark,Severe,2,1
A01955,2025-12-06,08:00,Morning,Bridge Road,18.90367,73.066468,Clear,Dry,Residential Road,Daylight,Moderate,2,1
A01956,2025-12-06,02:40,Night,Bridge Road,19.204848,73.067543,Rainy,Wet,Intersection,Dark,Severe,4,1
A01957,2025-12-07,09:10,Morning,Ring Road,19.124042,72.797443,Clear,Dry,Urban Road,Daylight,Moderate,2,0
A01958,2025-12-07,18:40,Evening,Market Road,19.260272,72.800776,Foggy,Dry,Intersection,Dusk,Moderate,3,1
A01959,2025-12-08,02:40,Night,Junction Road,18.912412,73.016682,Foggy,Dry,Urban Road,Dark,Minor,2,0
A01960,2025-12-09,21:30,Night,College Road,19.008556,73.084908,Clear,Dry,Urban Road,Dark,Minor,5,2
A01961,2025-12-09,14:10,Afternoon,Airport Road,19.192501,72.98328,Rainy,Wet,Urban Road,Daylight,Moderate,2,1
A01962,2025-12-10,00:00,Night,Residential Area,19.17006,72.893961,Rainy,Slippery,Urban Road,Dark,Minor,2,0
A01963,2025-12-10,06:00,Morning,Industrial Area,18.997223,72.989216,Stormy,Wet,Residential Road,Daylight,Moderate,1,0
A01964,2025-12-11,11:50,Morning,Residential Area,19.138275,72.830084,Cloudy,Dry,Urban Road,Daylight,Minor,2,1
A01965,2025-12-11,16:20,Afternoon,Industrial Area,19.217503,73.099288,Clear,Dry,Urban Road,Daylight,Moderate,3,2
A01966,2025-12-12,20:50,Evening,Market Road,18.913352,72.90088,Cloudy,Dry,Intersection,Dusk,Moderate,1,0
A01967,2025-12-12,23:50,Night,College Road,19.187051,73.07609,Cloudy,Dry,Residential Road,Dark,Moderate,2,0
A01968,2025-12-13,19:00,Evening,Airport Road,19.000839,72.900779,Cloudy,Wet,Urban Road,Dusk,Fatal,4,3
A01969,2025-12-14,04:30,Night,Industrial Area,19.279141,73.074849,Clear,Dry,Residential Road,Dark,Minor,3,0
A01970,2025-12-14,03:40,Night,Ring Road,19.115288,72.86749,Rainy,Wet,Expressway,Dark,Minor,1,1
A01971,2025-12-15,11:40,Morning,Main Highway,18.913354,73.01619,Stormy,Wet,Intersection,Daylight,Minor,1,1
A01972,2025-12-15,19:40,Evening,Main Highway,19.061372,73.082851,Clear,Dry,Urban Road,Dusk,Severe,1,0
A01973,2025-12-16,23:10,Night,Ring Road,19.286525,72.976093,Clear,Dry,Highway,Dark,Moderate,4,0
A01974,2025-12-16,17:00,Evening,College Road,19.192149,72.987148,Clear,Dry,Urban Road,Daylight,Moderate,4,1
A01975,2025-12-17,16:30,Afternoon,City Center,19.020192,72.78601,Rainy,Wet,Urban Road,Daylight,Minor,4,2
A01976,2025-12-17,18:10,Evening,Expressway,19.130107,72.915977,Rainy,Wet,Intersection,Dusk,Moderate,4,2
A01977,2025-12-18,08:20,Morning,Bridge Road,19.139641,73.060364,Cloudy,Dry,Urban Road,Daylight,Minor,2,1
A01978,2025-12-18,03:30,Night,Residential Area,18.909339,72.834318,Clear,Dry,Intersection,Dark,Moderate,2,0
A01979,2025-12-19,20:50,Evening,Industrial Area,18.971533,73.025927,Cloudy,Dry,Urban Road,Dusk,Severe,2,2
A01980,2025-12-20,01:30,Night,Main Highway,19.120711,72.986498,Clear,Dry,Intersection,Dark,Moderate,3,1
A01981,2025-12-20,03:30,Night,Junction Road,19.061101,72.828045,Cloudy,Wet,Highway,Dark,Moderate,4,1
A01982,2025-12-21,01:40,Night,Ring Road,18.976015,72.848977,Rainy,Wet,Intersection,Dark,Moderate,2,1
A01983,2025-12-21,14:30,Afternoon,Airport Road,19.209067,72.899646,Stormy,Slippery,Intersection,Daylight,Moderate,2,1
A01984,2025-12-22,01:50,Night,Expressway,19.095598,72.793795,Foggy,Dry,Intersection,Dark,Moderate,4,2
A01985,2025-12-22,03:50,Night,Junction Road,19.023989,73.06968,Foggy,Wet,Highway,Dark,Moderate,2,2
A01986,2025-12-23,05:00,Morning,Airport Road,18.964671,73.008775,Clear,Poor,Highway,Dark,Minor,4,1
A01987,2025-12-23,06:30,Morning,Industrial Area,19.144465,72.877737,Cloudy,Dry,Residential Road,Daylight,Minor,2,1
A01988,2025-12-24,09:40,Morning,City Center,19.166505,72.854883,Rainy,Slippery,Highway,Daylight,Minor,2,0
A01989,2025-12-24,18:30,Evening,Station Road,19.167839,72.991353,Foggy,Dry,Highway,Dusk,Moderate,2,0
A01990,2025-12-25,18:20,Evening,Station Road,18.988115,72.898477,Clear,Dry,Highway,Dusk,Minor,3,2
A01991,2025-12-26,21:20,Night,Market Road,19.138135,72.830268,Clear,Wet,Urban Road,Dark,Moderate,2,1
A01992,2025-12-26,11:40,Morning,College Road,19.262163,72.900553,Clear,Dry,Urban Road,Daylight,Minor,2,1
A01993,2025-12-27,02:00,Night,College Road,19.041275,73.054954,Cloudy,Wet,Highway,Dark,Minor,4,1
A01994,2025-12-27,12:00,Afternoon,Residential Area,18.984307,72.774012,Clear,Dry,Highway,Daylight,Moderate,3,0
A01995,2025-12-28,17:50,Evening,Residential Area,19.20886,72.878925,Clear,Dry,Urban Road,Daylight,Moderate,3,2
A01996,2025-12-28,07:50,Morning,Station Road,18.970753,73.086819,Clear,Dry,Residential Road,Daylight,Moderate,2,2
A01997,2025-12-29,20:10,Evening,Industrial Area,19.001499,72.755191,Clear,Wet,Highway,Dusk,Moderate,4,2
A01998,2025-12-29,14:40,Afternoon,Main Highway,18.940258,73.061724,Rainy,Wet,Urban Road,Daylight,Fatal,2,4
A01999,2025-12-30,00:30,Night,Main Highway,19.00715,72.881192,Clear,Dry,Intersection,Dark,Moderate,2,0
A02000,2025-12-31,02:40,Night,Ring Road,19.064134,72.816331,Rainy,Slippery,Intersection,Dark,Minor,2,3
